Product Url,Product Title,Price,Rating,Number of Review,ASIN,Product Description
https://www.amazon.com/sspa/click?ie=UTF8&spc=MTozMDY5MTM0MjM4MTc3NTUyOjE2NzU0OTk5Mzc6c3BfYXRmOjIwMTA0MTQwMjYzNjk4OjowOjo&url=%2FUrban-Tribe-Laptop-Backpack-Havana%2Fdp%2FB01LXNNFDF%2Fref%3Dsr_1_1_sspa%3Fcrid%3D2M096C61O4MLT%26keywords%3Dbags%26qid%3D1675499937%26sprefix%3Dba%252Caps%252C283%26sr%3D8-1-spons%26sp_csd%3Dd2lkZ2V0TmFtZT1zcF9hdGY%26psc%3D1,"URBAN TRIBE Havana 15.6"" inch Laptop Backpack for Men and Women | 27L Office/Work/Casual Bag | Water Repellent | Black",1169,3.9 out of 5 stars,684,B01LXNNFDF,"['* Make sure this fits by entering your model number.', '* Laptop Compatibility: Yes Laptop size: 15.6 inches', '* Outer Material: Polyester Color: Black', '* Water Resistance: Water resistant', '* Dimensions: 33 cms x 17.5 cms x 47 cms (LxWxH)', '* type: Manufacturer; against manufacturing defects']"
https://www.amazon.com/sspa/click?ie=UTF8&spc=MTozMDY5MTM0MjM4MTc3NTUyOjE2NzU0OTk5Mzc6c3BfYXRmOjIwMTE1NDYwNjg3MDk4OjowOjo&url=%2FAmazon-Basics-Modern-Lightweight-Backpack%2Fdp%2FB09W4ZPP3D%2Fref%3Dsr_1_2_sspa%3Fcrid%3D2M096C61O4MLT%26keywords%3Dbags%26qid%3D1675499937%26sprefix%3Dba%252Caps%252C283%26sr%3D8-2-spons%26sp_csd%3Dd2lkZ2V0TmFtZT1zcF9hdGY%26psc%3D1,Amazon Basics - Laptop Backpack/Casual Backpack/College Bag for 15.6-inch Laptop Water-Resistant Lightweight Sleek and Modern Design,1209,1.0 out of 5 stars,1,B09W4ZPP3D,NA
https://www.amazon.com/American-Tourister-AMT-SCH-02/dp/B07CJCGM1M/ref=sr_1_3?crid=2M096C61O4MLT&keywords=bags&qid=1675499937&sprefix=ba%2Caps%2C283&sr=8-3,American Tourister 32 Ltrs Black Casual Backpack (AMT FIZZ SCH BAG 02 - BLACK),1199,4.1 out of 5 stars,"51,381",B07CJCGM1M,NA
https://www.amazon.com/Wesley-Milestone-Waterproof-Backpack-Business/dp/B084JGJ8PF/ref=sr_1_4?crid=2M096C61O4MLT&keywords=bags&qid=1675499937&sprefix=ba%2Caps%2C283&sr=8-4,Wesley Milestone 2.0 Casual Waterproof Laptop Backpack/Office Bag/School Bag/College Bag/Business Bag/Travel Backpack (Dimensions:13x18 inches) (Compatible with 39.62cm(15.6inch laptop) 30 L (Blue & black),565,4.3 out of 5 stars,"9,233",B084JGJ8PF,NA
https://www.amazon.com/ADISA-Laptop-Backpack-Office-College/dp/B09TPX22NF/ref=sr_1_5?crid=2M096C61O4MLT&keywords=bags&qid=1675499937&sprefix=ba%2Caps%2C283&sr=8-5,ADISA 15.6 inch Laptop Backpack Office Bag College Travel Back Pack 32 Ltrs (z-Navy Blue),499,3.9 out of 5 stars,463,B09TPX22NF,NA
https://www.amazon.com/Skybags-Brat-Black-Casual-Backpack/dp/B08Z1HHHTD/ref=sr_1_6?crid=2M096C61O4MLT&keywords=bags&qid=1675499937&sprefix=ba%2Caps%2C283&sr=8-6,Skybags Brat Black 46 Cms Casual Backpack,669,4.1 out of 5 stars,"3,373",B08Z1HHHTD,NA
https://www.amazon.com/Safari-Backpack-Resistant-Polyester-Travelling/dp/B09B29F66W/ref=sr_1_7?crid=2M096C61O4MLT&keywords=bags&qid=1675499937&sprefix=ba%2Caps%2C283&sr=8-7,Safari Flash Casual Backpack 26 ltr Water Resistant Travel Bags| Weight Polyester Bagpack for Men and Women Spacious Shoulder Bag for College Office Travelling and Camping,699,3.9 out of 5 stars,"2,191",B09B29F66W,NA
https://www.amazon.com/Wesley-Milestone-Waterproof-Backpack-Business/dp/B085S444JV/ref=sr_1_8?crid=2M096C61O4MLT&keywords=bags&qid=1675499937&sprefix=ba%2Caps%2C283&sr=8-8,Wesley Milestone 2.0 Casual Waterproof Laptop Backpack/Office Bag/School Bag/College Bag/Business Bag/Travel Backpack (Dimensions:13x18 inches) (Compatible with 39.62cm(15.6inch laptop) 30 L Charcoal black,565,4.3 out of 5 stars,"9,233",B085S444JV,NA
https://www.amazon.com/FUR-JADEN-Leatherette-Polypropylene-DUFF05/dp/B07M9BRCQ5/ref=sr_1_9?crid=2M096C61O4MLT&keywords=bags&qid=1675499937&sprefix=ba%2Caps%2C283&sr=8-9,Fur Jaden Brown Textured Leatherette Stylish & Spacious Weekender Duffle Bag for Travel,889,4.3 out of 5 stars,"5,318",B07M9BRCQ5,NA
https://www.amazon.com/Kleider-Travel-Business-Messenger-Shoulder/dp/B084ZHP97M/ref=sr_1_10?crid=2M096C61O4MLT&keywords=bags&qid=1675499937&sprefix=ba%2Caps%2C283&sr=8-10,DEIN KLEIDER Men's Nylon Messenger Bag,349,4.0 out of 5 stars,"4,398",B084ZHP97M,NA
https://www.amazon.com/sspa/click?ie=UTF8&spc=MTozMDY5MTM0MjM4MTc3NTUyOjE2NzU0OTk5Mzc6c3BfbXRmOjIwMTE0NjA4MDA4Mzk4OjowOjo&url=%2FVOKAN-Laptop-Backpack-Charging-Resistant%2Fdp%2FB0BQ3ND145%2Fref%3Dsr_1_11_sspa%3Fcrid%3D2M096C61O4MLT%26keywords%3Dbags%26qid%3D1675499937%26sprefix%3Dba%252Caps%252C283%26sr%3D8-11-spons%26sp_csd%3Dd2lkZ2V0TmFtZT1zcF9tdGY%26psc%3D1,VOKAN Laptop Backpack bag men With USB Charging Port Water Resistant 30L (Black),699,NA,NA,B0BQ3ND145,"['* Make sure this fits by entering your model number.', '* Multi-Organized Compartments and Pockets: One separate padded laptop compartment holds more then 15.6 Inchs Laptop. One spacious storage compartment for Daily necessities electronics accessories like pen keys Head phones Books Small daily items etc.. Front compartment with many pockets which is perfect for some quick-access objects making your essentials organized and easy to find.', '* Laptop Backapck bag for men casual', '* backapck for men', '* men backpack', '* men bag']"
https://www.amazon.com/sspa/click?ie=UTF8&spc=MTozMDY5MTM0MjM4MTc3NTUyOjE2NzU0OTk5Mzc6c3BfbXRmOjIwMDgyMzk3MjEzODk4OjowOjo&url=%2FNORTH-ZONE-backpack-INVALID-DATA_grey%2Fdp%2FB0BH8S9QGH%2Fref%3Dsr_1_12_sspa%3Fcrid%3D2M096C61O4MLT%26keywords%3Dbags%26qid%3D1675499937%26sprefix%3Dba%252Caps%252C283%26sr%3D8-12-spons%26sp_csd%3Dd2lkZ2V0TmFtZT1zcF9tdGY%26psc%3D1,NORTH ZONE 30 ltrs ( Cms) backpack(INVALID DATA_grey),599,3.7 out of 5 stars,33,B0BH8S9QGH,"['* Make sure this fits by entering your model number.', '* KEY FEATURES - Black Colour Laptop Backpack for Men and Women for Stylish Office use as well as for Trendy College students. Huge compartment size that can fit upto a 15.6 inch Laptop with ease. Multiple pockets for other accessories.', '* Charging On the Go - Now charge your phone on the go while travelling without the hassle of holding the bulky power bank in your pocket or in your hand. Simple Connect your Powerbank to the wire inside the Bag and leave it in the bag. When you want to charge your phone just connect your phone charger to the bag and your phone will start charging. IMPORTANT NOTE: We do NOT provide Free Portable Charger with the Bag', '* Anti Theft Design - This backpack by Fur Jaden has anti theft design where zipper of the main pocket is hidden at the back. No thief intruder or robber can find a way to open the backpack making this totally theft proof. There are secret pockets on the shoulder strap and on the sides of the bag allowing us to keep travel documents boarding pass credit cards mobile phone earphones etc.', '* Essence of Fur Jaden - We craft signature Laptop Backpacks and Casual Backpacks that are young vibrant and fashionable and yet a celebration of timeless style luxe and sophistication. We strive to make thoughtful designs that are high on aesthetics as well as on utility and functionality.', '* 100% Genuine NORTHZONE Men products 10 days No Question asked replacement guarantee from the date of delivery']"
https://www.amazon.com/Backpack-Small-Black-Water-Repellant/dp/B088XB5XY8/ref=sr_1_13?crid=2M096C61O4MLT&keywords=bags&qid=1675499937&sprefix=ba%2Caps%2C283&sr=8-13,Mi Step Out 12 L Mini Backpack (Small Size Black Water Repellant),349,4.1 out of 5 stars,"7,634",B088XB5XY8,NA
https://www.amazon.com/Bennett-Mystic-Shoulder-Messenger-Repellent/dp/B08X2T2M8G/ref=sr_1_14?crid=2M096C61O4MLT&keywords=bags&qid=1675499937&sprefix=ba%2Caps%2C283&sr=8-14,Bennett™ Mystic Formal Business Briefcase Bag Crossbody Messenger College Bags For Men Women MacBook INoteBook ITablet Laptop Upto 15.6 Inch | Handbags with Shoulder Straps (Blue) 6 Months Warranty,512,4.1 out of 5 stars,"4,863",B08X2T2M8G,NA
https://www.amazon.com/AirCase-C34-Laptop-Backpack-Women/dp/B07QN4KXWG/ref=sr_1_15?crid=2M096C61O4MLT&keywords=bags&qid=1675499937&sprefix=ba%2Caps%2C283&sr=8-15,AirCase Laptop Bag Backpack Case Pouch for Laptop Backpack for Men & WomenPremium Vegan Leather,938,3.9 out of 5 stars,712,B07QN4KXWG,NA
https://www.amazon.com/ADISA-BP005-Weight-Casual-Backpack/dp/B07F3X45WZ/ref=sr_1_16?crid=2M096C61O4MLT&keywords=bags&qid=1675499937&sprefix=ba%2Caps%2C283&sr=8-16,ADISA Light Weight Laptop Backpack 32 Ltrs,499,4.0 out of 5 stars,"5,549",B07F3X45WZ,NA
https://www.amazon.com/Safari-Spartan-Water-Resistant-Backpack/dp/B09B26MB5M/ref=sr_1_17?crid=2M096C61O4MLT&keywords=bags&qid=1675499937&sprefix=ba%2Caps%2C283&sr=8-17,Safari Spartan 21 Ltrs Water Resistant Backpack - Blue S (SPARTAN19CBBLU),599,3.8 out of 5 stars,629,B09B26MB5M,NA
https://www.amazon.com/ADISA-BP004-Weight-Casual-Backpack/dp/B07G3CG9FC/ref=sr_1_18?crid=2M096C61O4MLT&keywords=bags&qid=1675499937&sprefix=ba%2Caps%2C283&sr=8-18,ADISA Laptop Backpack 31 Ltrs,499,4.0 out of 5 stars,"8,992",B07G3CG9FC,NA
https://www.amazon.com/Half-Moon-Backpack-Luggage-Compartment/dp/B09VCLZ3K4/ref=sr_1_19?crid=2M096C61O4MLT&keywords=bags&qid=1675499937&sprefix=ba%2Caps%2C283&sr=8-19,Half Moon Large 37L Laptop Bag Backpack for menं Women Boys and Girls Luggage Travel Bags with 17.3 inches Laptop Compartment & Rain Cover,849,3.9 out of 5 stars,"2,130",B09VCLZ3K4,NA
https://www.amazon.com/Step-Backpack-Small-Water-Repellant/dp/B088XH1BP7/ref=sr_1_20?crid=2M096C61O4MLT&keywords=bags&qid=1675499937&sprefix=ba%2Caps%2C283&sr=8-20,Mi Step Out 12 L Mini Backpack (Small Size Dark Blue Water Repellant),299,4.1 out of 5 stars,"7,634",B088XH1BP7,NA
https://www.amazon.com/sspa/click?ie=UTF8&spc=MTozMDY5MTM0MjM4MTc3NTUyOjE2NzU0OTk5Mzc6c3BfYnRmOjIwMDc4OTIwNzc5Mzk4OjowOjo&url=%2FScanSmart-Backpack-Designed-blend-function-612014%2Fdp%2FB09V1GJ7D6%2Fref%3Dsr_1_21_sspa%3Fcrid%3D2M096C61O4MLT%26keywords%3Dbags%26qid%3D1675499937%26sprefix%3Dba%252Caps%252C283%26sr%3D8-21-spons%26sp_csd%3Dd2lkZ2V0TmFtZT1zcF9idGY%26psc%3D1,"Wenger 17.5"" ScanSmart Laptop Backpack 30 Litres Black Swiss Designed-blend of style & function 612014",5600,4.0 out of 5 stars,21,B09V1GJ7D6,"['* Make sure this fits by entering your model number.', '* FUNCTIONALITY WITH STYLE: The Wenger 17.5"" ScanSmart Laptop Backpack allows you to breeze through airport security with ease as it offers superior protection for your laptop at airport security controls and a dedicated tablet pocket. Travel with confidence with your valuable items securely stored in your well-built backpack.', '* OPTIMUM COMFORT: Reinforced soft-grip grab handle for easy carrying. The Airflow back padding keeps wearer cool. The Shock-absorbing shoulder straps provides maximum comfort. Plethora of features to make you a distinguished traveler.', '* COMPREHENSIVE FEATURES: An ample main compartment integrates a mesh adapters zip pocket for cords chargers and other tech accessories. While weaving through airport traffic grab a cool drink from its side zip pockets. Featuring a convenient front pocket and an organizer compartment with multiple divider pockets leave your MetroCard smartphone and supplies ready whenever you are.', '* TECHNICAL SPECIFICATIONS: Dimensions: 46 x 24 x 35 cm Weight: 0.9 kg Capacity: 30 L', '* 5 YEAR WENGER WARRANTY: Our products undergo strict quality controls & rigorous testing standards. Nevertheless should you encounter a problem with your product we are offering you a 5-year warranty.']"
https://www.amazon.com/sspa/click?ie=UTF8&spc=MTozMDY5MTM0MjM4MTc3NTUyOjE2NzU0OTk5Mzc6c3BfYnRmOjIwMTE0NjA4MDA3NDk4OjowOjo&url=%2FVOKAN-Laptop-Backpack-Charging-Resistant%2Fdp%2FB0BQJLHLXZ%2Fref%3Dsr_1_22_sspa%3Fcrid%3D2M096C61O4MLT%26keywords%3Dbags%26qid%3D1675499937%26sprefix%3Dba%252Caps%252C283%26sr%3D8-22-spons%26sp_csd%3Dd2lkZ2V0TmFtZT1zcF9idGY%26psc%3D1,VOKAN Laptop Backpack bag men With USB Charging Port Water Resistant 30L (Red),699,5.0 out of 5 stars,1,B0BQJLHLXZ,"['* Make sure this fits by entering your model number.', '* Multi-Organized Compartments and Pockets: One separate padded laptop compartment holds more then 15.6 Inchs Laptop. One spacious storage compartment for Daily necessities electronics accessories like pen keys Head phones Books Small daily items etc.. Front compartment with many pockets which is perfect for some quick-access objects making your essentials organized and easy to find.', '* Laptop Backapck bag for men casual', '* backapck for men', '* men backpack', '* men bag']"
https://www.amazon.com/sspa/click?ie=UTF8&spc=MTo2NDg5OTU3MzY3MDI2MjoxNjc1NDk5OTcxOnNwX2F0Zl9uZXh0OjIwMTE1ODI2OTM0Nzk4OjowOjo&url=%2FBackpack-Capacity-Water-resistant-Multi-pocket-Business%2Fdp%2FB0B6FK9ZZG%2Fref%3Dsr_1_17_sspa%3Fcrid%3D2M096C61O4MLT%26keywords%3Dbags%26qid%3D1675499971%26sprefix%3Dba%252Caps%252C283%26sr%3D8-17-spons%26sp_csd%3Dd2lkZ2V0TmFtZT1zcF9hdGZfbmV4dA%26psc%3D1,"Arctic Hunter Laptop BagCasual Backpack 30L Large Capacity Laptop Bag with 15.6"" Laptop Pocket Water-resistantMulti-pocket School Travel Business Bag with USB Charging Port for Men/WomenBlack",2849,4.5 out of 5 stars,34,B0B6FK9ZZG,NA
https://www.amazon.com/sspa/click?ie=UTF8&spc=MTo2NDg5OTU3MzY3MDI2MjoxNjc1NDk5OTcxOnNwX2F0Zl9uZXh0OjIwMTA0MTQwMjYzNjk4OjowOjo&url=%2FUrban-Tribe-Laptop-Backpack-Havana%2Fdp%2FB01LXNNFDF%2Fref%3Dsr_1_18_sspa%3Fcrid%3D2M096C61O4MLT%26keywords%3Dbags%26qid%3D1675499971%26sprefix%3Dba%252Caps%252C283%26sr%3D8-18-spons%26sp_csd%3Dd2lkZ2V0TmFtZT1zcF9hdGZfbmV4dA%26psc%3D1,"URBAN TRIBE Havana 15.6"" inch Laptop Backpack for Men and Women | 27L Office/Work/Casual Bag | Water Repellent | Black",1169,3.9 out of 5 stars,684,B01LXNNFDF,"['* Make sure this fits by entering your model number.', '* Laptop Compatibility: Yes Laptop size: 15.6 inches', '* Outer Material: Polyester Color: Black', '* Water Resistance: Water resistant', '* Dimensions: 33 cms x 17.5 cms x 47 cms (LxWxH)', '* type: Manufacturer; against manufacturing defects']"
https://www.amazon.com/Step-Backpack-Small-Water-Repellant/dp/B088XH1BP7/ref=sr_1_19?crid=2M096C61O4MLT&keywords=bags&qid=1675499971&sprefix=ba%2Caps%2C283&sr=8-19,Mi Step Out 12 L Mini Backpack (Small Size Dark Blue Water Repellant),299,4.1 out of 5 stars,"7,634",B088XH1BP7,NA
https://www.amazon.com/Gear-Black-Laptop-Backpack-LBPASPIRE0104/dp/B075MK4TXP/ref=sr_1_20?crid=2M096C61O4MLT&keywords=bags&qid=1675499971&sprefix=ba%2Caps%2C283&sr=8-20,Gear Aspire 30L Water Restant Office Laptop Bag/Backpack for Men/Women/(Black),1247,4.3 out of 5 stars,"4,881",B075MK4TXP,NA
https://www.amazon.com/Half-Moon-Waterproof-Backpack-Students/dp/B085MHDJ93/ref=sr_1_21?crid=2M096C61O4MLT&keywords=bags&qid=1675499971&sprefix=ba%2Caps%2C283&sr=8-21,Half Moon 35 ltrs (33 cms)backpack(Navy Laptop Bags_navy blue),689,3.9 out of 5 stars,"14,913",B085MHDJ93,NA
https://www.amazon.com/AirCase-C34-Laptop-Backpack-Women/dp/B07QL8633G/ref=sr_1_22?crid=2M096C61O4MLT&keywords=bags&qid=1675499971&sprefix=ba%2Caps%2C283&sr=8-22,AirCase Laptop Bag Backpack Case Pouch for Laptop Backpack for Men & WomenPremium Vegan Leather,938,4.0 out of 5 stars,962,B07QL8633G,NA
https://www.amazon.com/WILDHORN-Backpack-Compartment-Business-Stitching/dp/B09QL66G55/ref=sr_1_23?crid=2M096C61O4MLT&keywords=bags&qid=1675499971&sprefix=ba%2Caps%2C283&sr=8-23,"WILDHORN 31L Laptop Backpack for Men / Women I Fits upto 15.6"" Laptop I Waterproof I Travel / Business / College Bookbags",599,4.1 out of 5 stars,708,B09QL66G55,NA
https://www.amazon.com/GEAR-Black-Blue-Backpack-years/dp/B019HA8AYG/ref=sr_1_24?crid=2M096C61O4MLT&keywords=bags&qid=1675499971&sprefix=ba%2Caps%2C283&sr=8-24,Gear CarryOn 16L Foldable Water Resistant School Bag//Backpack/College Bag for Men/Women - Blue Black,249,3.7 out of 5 stars,"5,923",B019HA8AYG,NA
https://www.amazon.com/Nivia-6853-Polyester-Basic-Duffle/dp/B07FWQ9HRV/ref=sr_1_25?crid=2M096C61O4MLT&keywords=bags&qid=1675499971&sprefix=ba%2Caps%2C283&sr=8-25,NIVIA Basic Duffle Polyester Bag/Gym Bags/Adjustable Shoulder Bag for Men/Duffle Gym Bags for Men/Fitness Bag/Carry Bags/Sports & Travel Bag/Sports Kit/Duffle Bags Travel,239,4.0 out of 5 stars,"1,983",B07FWQ9HRV,NA
https://www.amazon.com/Hilfiger-Joshua-Backpack-TH-JOSHUALAP01/dp/B07N8GRWTZ/ref=sr_1_26?crid=2M096C61O4MLT&keywords=bags&qid=1675499971&sprefix=ba%2Caps%2C283&sr=8-26,Tommy Hilfiger Joshua 15 inch 21 Ltrs Light Grey Laptop Backpack (TH/JOSHUALAP07),2239,3.9 out of 5 stars,366,B07N8GRWTZ,NA
https://www.amazon.com/sspa/click?ie=UTF8&spc=MTo2NDg5OTU3MzY3MDI2MjoxNjc1NDk5OTcxOnNwX210ZjoyMDA4MjM5NzIxMzg5ODo6MDo6&url=%2FNORTH-ZONE-backpack-INVALID-DATA_grey%2Fdp%2FB0BH8S9QGH%2Fref%3Dsr_1_27_sspa%3Fcrid%3D2M096C61O4MLT%26keywords%3Dbags%26qid%3D1675499971%26sprefix%3Dba%252Caps%252C283%26sr%3D8-27-spons%26sp_csd%3Dd2lkZ2V0TmFtZT1zcF9tdGY%26psc%3D1,NORTH ZONE 30 ltrs ( Cms) backpack(INVALID DATA_grey),599,3.7 out of 5 stars,33,B0BH8S9QGH,"['* Make sure this fits by entering your model number.', '* KEY FEATURES - Black Colour Laptop Backpack for Men and Women for Stylish Office use as well as for Trendy College students. Huge compartment size that can fit upto a 15.6 inch Laptop with ease. Multiple pockets for other accessories.', '* Charging On the Go - Now charge your phone on the go while travelling without the hassle of holding the bulky power bank in your pocket or in your hand. Simple Connect your Powerbank to the wire inside the Bag and leave it in the bag. When you want to charge your phone just connect your phone charger to the bag and your phone will start charging. IMPORTANT NOTE: We do NOT provide Free Portable Charger with the Bag', '* Anti Theft Design - This backpack by Fur Jaden has anti theft design where zipper of the main pocket is hidden at the back. No thief intruder or robber can find a way to open the backpack making this totally theft proof. There are secret pockets on the shoulder strap and on the sides of the bag allowing us to keep travel documents boarding pass credit cards mobile phone earphones etc.', '* Essence of Fur Jaden - We craft signature Laptop Backpacks and Casual Backpacks that are young vibrant and fashionable and yet a celebration of timeless style luxe and sophistication. We strive to make thoughtful designs that are high on aesthetics as well as on utility and functionality.', '* 100% Genuine NORTHZONE Men products 10 days No Question asked replacement guarantee from the date of delivery']"
https://www.amazon.com/sspa/click?ie=UTF8&spc=MTo2NDg5OTU3MzY3MDI2MjoxNjc1NDk5OTcxOnNwX210ZjoyMDExMDA2NzU3Njk5ODo6MDo6&url=%2FRed-Lemon-Titanium-Multifunctional-Waterproof%2Fdp%2FB09ZYQH7C5%2Fref%3Dsr_1_28_sspa%3Fcrid%3D2M096C61O4MLT%26keywords%3Dbags%26qid%3D1675499971%26sprefix%3Dba%252Caps%252C283%26sr%3D8-28-spons%26sp_csd%3Dd2lkZ2V0TmFtZT1zcF9tdGY%26psc%3D1,Red Lemon BANGE Titanium Multifunctional Hard Shell Waterproof Business Travel Laptop Backpack for Men and Women (Black),4599,4.5 out of 5 stars,14,B09ZYQH7C5,"['* Make sure this fits by entering your model number.', '* ➧ PREMIUM MATERIAL: This multifunctional backpack is made of high quality water resistant and scratchproof material. Hard shell geometric design in front. Premium quality durable smooth pullers and sealed zippers.', '* ➧ORGANIZED STORAGE: Well arranged spaced compartment with separate sleeves to carry a Laptop Tablet iPad. Spacious enough to store documents and office accesories Clothings and short business trip necessities mobile passport headphonesetc.', '* ➧ ANTI- THEFT DESIGN & TSA LOCK: A built-in TSA lock gives the backpack an added level of security. The lock can be opened by TSA as needed during the screening process thus helps deter thefts during travel.', '* ➧ COMFORT: Adjustable soft cushioned shoulder straps for better handling. Hidden cards slot on the straps for easy access. Sturdy elegant handle to feel comfortable and carry at ease.', '* ➧ SIZE : Weight of the bag is 1.2 Kg ; Dimensions: 30 cms x 8 cms x 47 cms (LxWxH).']"
https://www.amazon.com/Bagneeds-Synthetic-Leather-Briefcase-Messenger/dp/B0855F8174/ref=sr_1_29?crid=2M096C61O4MLT&keywords=bags&qid=1675499971&sprefix=ba%2Caps%2C283&sr=8-29,Bagneeds Men's Black Synthetic Leather Briefcase Best Laptop Messenger Bag Satchel for Men,664,4.1 out of 5 stars,"3,613",B0855F8174,NA
https://www.amazon.com/Rucksack-Travel-Backpack-Trekking-Compartment/dp/B07YDGQQN5/ref=sr_1_30?crid=2M096C61O4MLT&keywords=bags&qid=1675499971&sprefix=ba%2Caps%2C283&sr=8-30,Fur Jaden 55 LTR Rucksack Travel Backpack Bag for Trekking Hiking with Shoe Compartment,839,4.2 out of 5 stars,"7,581",B07YDGQQN5,NA
https://www.amazon.com/Inovera-Label-Women-Handbags-Shoulder/dp/B08CMQD4BC/ref=sr_1_31?crid=2M096C61O4MLT&keywords=bags&qid=1675499971&sprefix=ba%2Caps%2C283&sr=8-31,INOVERA Faux Leather Women Handbags Shoulder Hobo Bag Purse With Long Strap 32L x 13B x 30H cm,1399,4.1 out of 5 stars,"6,809",B08CMQD4BC,NA
https://www.amazon.com/Lunars-Bingo-Laptop-Resistant-48L/dp/B08YZ8FFBZ/ref=sr_1_32?crid=2M096C61O4MLT&keywords=bags&qid=1675499971&sprefix=ba%2Caps%2C283&sr=8-32,Lunar's Bingo - 48 L Laptop Office/School/Travel/Business Backpack Water Resistant - Fits Up to 15.6 Inch Laptop Notebook with 1 Year Warranty,899,3.9 out of 5 stars,"8,764",B08YZ8FFBZ,NA
https://www.amazon.com/Half-Moon-Backpack-Compartment-Reflective/dp/B0BJ32LQ6X/ref=sr_1_33?crid=2M096C61O4MLT&keywords=bags&qid=1675499971&sprefix=ba%2Caps%2C283&sr=8-33,Half Moon Large 37L Laptop Bag Backpack for menं Women Boys and Girls Luggage Travel Bags with 17.3 inches Laptop Compartment & Rain Cover,849,3.9 out of 5 stars,"2,130",B0BJ32LQ6X,NA
https://www.amazon.com/Wesley-Spartan-Hiking-Raincover-Organiser/dp/B098QFF5TJ/ref=sr_1_34?crid=2M096C61O4MLT&keywords=bags&qid=1675499971&sprefix=ba%2Caps%2C283&sr=8-34,Wesley Spartan Unisex Travel Hiking Laptop Bag fits Upto 17.3 inch with Raincover and Internal Organiser Backpack Rucksack College Bag,798,4.1 out of 5 stars,912,B098QFF5TJ,NA
https://www.amazon.com/Fur-Jaden-Black-Waterproof-Backpack/dp/B078GLXMDY/ref=sr_1_35?crid=2M096C61O4MLT&keywords=bags&qid=1675499971&sprefix=ba%2Caps%2C283&sr=8-35,Fur Jaden Anti Theft Backpack 15.6 Inch Laptop Bag with USB Charging Port,799,4.0 out of 5 stars,"10,540",B078GLXMDY,NA
https://www.amazon.com/Half-Moon-Spacious-Backpack-Compartment/dp/B0BLVQ9NTD/ref=sr_1_36?crid=2M096C61O4MLT&keywords=bags&qid=1675499971&sprefix=ba%2Caps%2C283&sr=8-36,Half Moon Strike 35L Unisex Spacious School/ Laptop/ College/ Office Travel Backpack Bag for Men Women Boys & Girls with 15.6 inch Padded Laptop Compartment & Multiple Pockets,699,3.6 out of 5 stars,45,B0BLVQ9NTD,"['* Make sure this fits by entering your model number.', '* MULTI-FUNCTION COMPARTMENT: HALF MOON backpack features multiple storage compartments and features for additional supplies and accessories as your iPhone iPad pen keys wallet books clothes bottle passport and more.', '* DURABLE MATERIAL: Superior quality durable ECO Friendly waterproof and anti-scratch polyester and featuring a reinforced bottom to withstand heavy use perfect for business travel school and other outdoor activities', '* COMFORTABLE DESIGN: Our backpack\'s ""S"" Curve adjustable heavily padded shoulder straps and back panel make the backpack comfortable to wear even when loaded with all your gear; Compact:Backpack has a roomy Three compartment front zipper pockets to hold small accessories one internal security zippered pocket for valuable items and side pockets for water bottle or umbrella.', '* Size:18*13*10 inch(L*W*H) Capacity: 35L which is bigger than others of the same style. Good size for school camping travel shopping hiking climbing vintage backpack for men and women.', '* OTHER FEATURES: Laptop compartment Internal Organiser(Small Pockets) Strong and durable zippers Adjustable Shoulder Handles (Straps)  2 Bottle/Umbrella holders  Padded Handle  Padded Laptop Compartment  Ergonomic Design Reflector Logo etc']"
https://www.amazon.com/sspa/click?ie=UTF8&spc=MTo2NDg5OTU3MzY3MDI2MjoxNjc1NDk5OTcxOnNwX2J0ZjoyMDA0MzMyMTEzNjYwNjo6MDo6&url=%2FCOSMUS-Multipurpose-Backpack-Bag-compartment%2Fdp%2FB078JVT384%2Fref%3Dsr_1_37_sspa%3Fcrid%3D2M096C61O4MLT%26keywords%3Dbags%26qid%3D1675499971%26sprefix%3Dba%252Caps%252C283%26sr%3D8-37-spons%26sp_csd%3Dd2lkZ2V0TmFtZT1zcF9idGY%26psc%3D1,COSMUS Madison waterproof Multipurpose Backpack With laptop compartment  33L,1196,4.2 out of 5 stars,"2,166",B078JVT384,"['* Make sure this fits by entering your model number.', '* Large multi-compartment backpack with a padded sleeve for laptops Holds up to 15 inches Laptop', '* Water Resistance PU Coated Durable Fabric with padded back section for comfortable carry', '* Number of compartments: 2; Number of pockets:2 with 2 Side mash pocket', '* Front Organizer compartments for pens keys and cell phone', '* Dimensions: 13 x 18 x 8.5 [inches] (WxHxD); Weight: 755 gms']"
https://www.amazon.com/sspa/click?ie=UTF8&spc=MTo2NDg5OTU3MzY3MDI2MjoxNjc1NDk5OTcxOnNwX2J0ZjoyMDEwMDg1NTA5ODU5ODo6MDo6&url=%2FFur-Jaden-resistant-Backpack-BM100_Brown%2Fdp%2FB07P5X6NSN%2Fref%3Dsr_1_38_sspa%3Fcrid%3D2M096C61O4MLT%26keywords%3Dbags%26qid%3D1675499971%26sprefix%3Dba%252Caps%252C283%26sr%3D8-38-spons%26sp_csd%3Dd2lkZ2V0TmFtZT1zcF9idGY%26psc%3D1,FUR JADEN Vegan Leather 30L 15.6 Inch Laptop Backpack for Men Women for Office Professionals and College Students,889,4.2 out of 5 stars,"1,748",B07P5X6NSN,NA
https://www.amazon.com/sspa/click?ie=UTF8&spc=MToyNjY0MDAwMDk3NDU3NzI5OjE2NzU1MDAwMDk6c3BfYXRmX25leHQ6MjAxMDQxNDAyNjM2OTg6OjA6Og&url=%2FUrban-Tribe-Laptop-Backpack-Havana%2Fdp%2FB01LXNNFDF%2Fref%3Dsr_1_33_sspa%3Fcrid%3D2M096C61O4MLT%26keywords%3Dbags%26qid%3D1675500009%26sprefix%3Dba%252Caps%252C283%26sr%3D8-33-spons%26sp_csd%3Dd2lkZ2V0TmFtZT1zcF9hdGZfbmV4dA%26psc%3D1%26smid%3DA385M0TPSNV7VS,"URBAN TRIBE Havana 15.6"" inch Laptop Backpack for Men and Women | 27L Office/Work/Casual Bag | Water Repellent | Black",1169,3.9 out of 5 stars,(684),B01LXNNFDF,"['* Make sure this fits by entering your model number.', '* Laptop Compatibility: Yes Laptop size: 15.6 inches', '* Outer Material: Polyester Color: Black', '* Water Resistance: Water resistant', '* Dimensions: 33 cms x 17.5 cms x 47 cms (LxWxH)', '* type: Manufacturer; against manufacturing defects']"
https://www.amazon.com/sspa/click?ie=UTF8&spc=MToyNjY0MDAwMDk3NDU3NzI5OjE2NzU1MDAwMDk6c3BfYXRmX25leHQ6MjAwODIzOTcyMTM4OTg6OjA6Og&url=%2FNORTH-ZONE-backpack-INVALID-DATA_grey%2Fdp%2FB0BH8S9QGH%2Fref%3Dsr_1_34_sspa%3Fcrid%3D2M096C61O4MLT%26keywords%3Dbags%26qid%3D1675500009%26sprefix%3Dba%252Caps%252C283%26sr%3D8-34-spons%26sp_csd%3Dd2lkZ2V0TmFtZT1zcF9hdGZfbmV4dA%26psc%3D1,NORTH ZONE 30 ltrs ( Cms) backpack(INVALID DATA_grey),599,3.7 out of 5 stars,(33),B0BH8S9QGH,"['* Make sure this fits by entering your model number.', '* KEY FEATURES - Black Colour Laptop Backpack for Men and Women for Stylish Office use as well as for Trendy College students. Huge compartment size that can fit upto a 15.6 inch Laptop with ease. Multiple pockets for other accessories.', '* Charging On the Go - Now charge your phone on the go while travelling without the hassle of holding the bulky power bank in your pocket or in your hand. Simple Connect your Powerbank to the wire inside the Bag and leave it in the bag. When you want to charge your phone just connect your phone charger to the bag and your phone will start charging. IMPORTANT NOTE: We do NOT provide Free Portable Charger with the Bag', '* Anti Theft Design - This backpack by Fur Jaden has anti theft design where zipper of the main pocket is hidden at the back. No thief intruder or robber can find a way to open the backpack making this totally theft proof. There are secret pockets on the shoulder strap and on the sides of the bag allowing us to keep travel documents boarding pass credit cards mobile phone earphones etc.', '* Essence of Fur Jaden - We craft signature Laptop Backpacks and Casual Backpacks that are young vibrant and fashionable and yet a celebration of timeless style luxe and sophistication. We strive to make thoughtful designs that are high on aesthetics as well as on utility and functionality.', '* 100% Genuine NORTHZONE Men products 10 days No Question asked replacement guarantee from the date of delivery']"
https://www.amazon.com/Hilfiger-Joshua-Backpack-TH-JOSHUALAP01/dp/B07N8GRWTZ/ref=sr_1_35?crid=2M096C61O4MLT&keywords=bags&qid=1675500009&sprefix=ba%2Caps%2C283&sr=8-35,Tommy Hilfiger Joshua 15 inch 21 Ltrs Light Grey Laptop Backpack (TH/JOSHUALAP07),2239,3.9 out of 5 stars,(366),B07N8GRWTZ,NA
https://www.amazon.com/Nivia-5177BK-Polyester-String-Black/dp/B071XM6PSM/ref=sr_1_36?crid=2M096C61O4MLT&keywords=bags&qid=1675500009&sprefix=ba%2Caps%2C283&sr=8-36,Nivia Polyester String Bag,159,4.1 out of 5 stars,(968),B071XM6PSM,NA
https://www.amazon.com/WILD-MODA-Womens-Shoulder-Turquoise/dp/B099PLT91X/ref=sr_1_37?crid=2M096C61O4MLT&keywords=bags&qid=1675500009&sprefix=ba%2Caps%2C283&sr=8-37,WILD MODA Women's Shoulder Bag Set of 1,849,4.3 out of 5 stars,"(3,318)",B099PLT91X,NA
https://www.amazon.com/Nivia-6853BKGR-Polyester-Black-Grey/dp/B07NLB6FRS/ref=sr_1_38?crid=2M096C61O4MLT&keywords=bags&qid=1675500009&sprefix=ba%2Caps%2C283&sr=8-38,NIVIA Basic Duffle Polyester Bag/ Gym Bags/ Adjustable Shoulder Bag for Men/ Duffle Gym Bags for Men/ Fitness Bag/ Carry Bags/ Sports & Travel Bag/ Sports Kit/ Duffle Bags Travel (Black/Grey),245,3.9 out of 5 stars,(330),B07NLB6FRS,NA
https://www.amazon.com/VOKAN-Laptop-Backpack-Charging-Resistant/dp/B0BQJLHLXZ/ref=sr_1_39?crid=2M096C61O4MLT&keywords=bags&qid=1675500009&sprefix=ba%2Caps%2C283&sr=8-39,VOKAN Laptop Backpack bag men With USB Charging Port Water Resistant 30L (Red),699,5.0 out of 5 stars,(1),B0BQJLHLXZ,NA
https://www.amazon.com/F-Gear-String-Polyester-33-cms-Black-Drawstring-Gym-Bag/dp/B07PC28YQ9/ref=sr_1_40?crid=2M096C61O4MLT&keywords=bags&qid=1675500009&sprefix=ba%2Caps%2C283&sr=8-40,F Gear String 11 Ltrs Nylon Black Gym Bag,189,4.0 out of 5 stars,(415),B07PC28YQ9,NA
https://www.amazon.com/Gear-Training-Travel-Black-Grey-DUFCRSTNG0104/dp/B098FFTDKT/ref=sr_1_41?crid=2M096C61O4MLT&keywords=bags&qid=1675500009&sprefix=ba%2Caps%2C283&sr=8-41,Gear Polyester 23 Cms Travel Bag(DUFCRSTNG0104_Black),539,4.3 out of 5 stars,"(1,860)",B098FFTDKT,NA
https://www.amazon.com/Mi-Business-Casual-Resistant-Backpack/dp/B07YY6PTMN/ref=sr_1_42?crid=2M096C61O4MLT&keywords=bags&qid=1675500009&sprefix=ba%2Caps%2C283&sr=8-42,Mi Business Casual 21L Water Resistant Laptop Backpack (Dark Grey),998,4.4 out of 5 stars,"(6,051)",B07YY6PTMN,NA
https://www.amazon.com/sspa/click?ie=UTF8&spc=MToyNjY0MDAwMDk3NDU3NzI5OjE2NzU1MDAwMDk6c3BfbXRmOjIwMTAwODU1MDk4NTk4OjowOjo&url=%2FFur-Jaden-resistant-Backpack-BM100_Brown%2Fdp%2FB07P5X6NSN%2Fref%3Dsr_1_43_sspa%3Fcrid%3D2M096C61O4MLT%26keywords%3Dbags%26qid%3D1675500009%26sprefix%3Dba%252Caps%252C283%26sr%3D8-43-spons%26sp_csd%3Dd2lkZ2V0TmFtZT1zcF9tdGY%26psc%3D1,FUR JADEN Vegan Leather 30L 15.6 Inch Laptop Backpack for Men Women for Office Professionals and College Students,889,4.2 out of 5 stars,"(1,748)",B07P5X6NSN,NA
https://www.amazon.com/sspa/click?ie=UTF8&spc=MToyNjY0MDAwMDk3NDU3NzI5OjE2NzU1MDAwMDk6c3BfbXRmOjIwMDc4OTIwNzc5Mzk4OjowOjo&url=%2FScanSmart-Backpack-Designed-blend-function-612014%2Fdp%2FB09V1GJ7D6%2Fref%3Dsr_1_44_sspa%3Fcrid%3D2M096C61O4MLT%26keywords%3Dbags%26qid%3D1675500009%26sprefix%3Dba%252Caps%252C283%26sr%3D8-44-spons%26sp_csd%3Dd2lkZ2V0TmFtZT1zcF9tdGY%26psc%3D1,"Wenger 17.5"" ScanSmart Laptop Backpack 30 Litres Black Swiss Designed-blend of style & function 612014",5600,4.0 out of 5 stars,(21),B09V1GJ7D6,"['* Make sure this fits by entering your model number.', '* FUNCTIONALITY WITH STYLE: The Wenger 17.5"" ScanSmart Laptop Backpack allows you to breeze through airport security with ease as it offers superior protection for your laptop at airport security controls and a dedicated tablet pocket. Travel with confidence with your valuable items securely stored in your well-built backpack.', '* OPTIMUM COMFORT: Reinforced soft-grip grab handle for easy carrying. The Airflow back padding keeps wearer cool. The Shock-absorbing shoulder straps provides maximum comfort. Plethora of features to make you a distinguished traveler.', '* COMPREHENSIVE FEATURES: An ample main compartment integrates a mesh adapters zip pocket for cords chargers and other tech accessories. While weaving through airport traffic grab a cool drink from its side zip pockets. Featuring a convenient front pocket and an organizer compartment with multiple divider pockets leave your MetroCard smartphone and supplies ready whenever you are.', '* TECHNICAL SPECIFICATIONS: Dimensions: 46 x 24 x 35 cm Weight: 0.9 kg Capacity: 30 L', '* 5 YEAR WENGER WARRANTY: Our products undergo strict quality controls & rigorous testing standards. Nevertheless should you encounter a problem with your product we are offering you a 5-year warranty.']"
https://www.amazon.com/Gear-Colorado-Orange-Laptop-Backpack/dp/B097K6KD7W/ref=sr_1_45?crid=2M096C61O4MLT&keywords=bags&qid=1675500009&sprefix=ba%2Caps%2C283&sr=8-45,F Gear Colorado Grey Orange 39 Ltrs Laptop Backpack (3814),662,4.4 out of 5 stars,(93),B097K6KD7W,NA
https://www.amazon.com/Martucci-Waterproof-Backpack-College-Business/dp/B0BNSXJ2MY/ref=sr_1_46?crid=2M096C61O4MLT&keywords=bags&qid=1675500009&sprefix=ba%2Caps%2C283&sr=8-46,Martucci 17 inch 35L Casual Waterproof Laptop Backpack/Office Bag/School Bag/College Bag/Business Bag/Unisex Travel Backpack(Black),599,3.2 out of 5 stars,(5),B0BNSXJ2MY,NA
https://www.amazon.com/Baggit-Womens-Satchel-Handbag-Grey/dp/B098TKJG1L/ref=sr_1_47?crid=2M096C61O4MLT&keywords=bags&qid=1675500009&sprefix=ba%2Caps%2C283&sr=8-47,Baggit Women's Sling Bag (Grey),579,4.3 out of 5 stars,(780),B098TKJG1L,NA
https://www.amazon.com/Asus-BP1504-15-6-inch-Laptop-Backpack/dp/B0895ZZHKK/ref=sr_1_48?crid=2M096C61O4MLT&keywords=bags&qid=1675500009&sprefix=ba%2Caps%2C283&sr=8-48,Asus BP1504 39.62 cm (15.6-inch) Laptop Backpack (Dark Grey),766,4.2 out of 5 stars,"(1,482)",B0895ZZHKK,NA
https://www.amazon.com/F-Gear-Luxur-Brown-Backpack/dp/B01F7AX9ZA/ref=sr_1_49?crid=2M096C61O4MLT&keywords=bags&qid=1675500009&sprefix=ba%2Caps%2C283&sr=8-49,F Gear Luxur Brown 25 liter Laptop Backpack (2404),1099,4.4 out of 5 stars,"(16,291)",B01F7AX9ZA,NA
https://www.amazon.com/Baggit-Womens-Hobo-Handbag-Green/dp/B097C2T2DS/ref=sr_1_50?crid=2M096C61O4MLT&keywords=bags&qid=1675500009&sprefix=ba%2Caps%2C283&sr=8-50,Baggit Women's PEPSI Sling Bag,459,4.4 out of 5 stars,"(1,927)",B097C2T2DS,NA
https://www.amazon.com/Wesley-Briefcase-Professional-Messenger-Resistant/dp/B08K7PN23C/ref=sr_1_51?crid=2M096C61O4MLT&keywords=bags&qid=1675500009&sprefix=ba%2Caps%2C283&sr=8-51,Wesley Xenon Laptop Bag,498,4.0 out of 5 stars,"(1,066)",B08K7PN23C,"['* Make sure this fits by entering your model number.', '* Wesley laptop bag professional series 15.6 inch', '* Laptop compartment with dual zippered access and thick foam padding protects your laptop very well.', '* Made of top fabric designed to be very lightweight and slim but stylish practical and durable.', '* Luggage strap which helps to easily fix the briefcase on handle of your trolley', '* Trendy look and design. Dimensions: 16 x12.5x3.5 inch']"
https://www.amazon.com/Lenovo-Laptop-Backpack-15-6-Inch-GX40Q17225/dp/B075Y72PHZ/ref=sr_1_52?crid=2M096C61O4MLT&keywords=bags&qid=1675500009&sprefix=ba%2Caps%2C283&sr=8-52,Lenovo Casual Laptop Backpack B210 15.6-inch(39.6cm) Water Repellent Black,1011,4.2 out of 5 stars,"(53,084)",B075Y72PHZ,NA
https://www.amazon.com/sspa/click?ie=UTF8&spc=MToyNjY0MDAwMDk3NDU3NzI5OjE2NzU1MDAwMDk6c3BfYnRmOjIwMTA5NjY4NjI3NDk4OjowOjo&url=%2FCasual-Waterproof-Backpack-College-Business%2Fdp%2FB09WJ16LPN%2Fref%3Dsr_1_53_sspa%3Fcrid%3D2M096C61O4MLT%26keywords%3Dbags%26qid%3D1675500009%26sprefix%3Dba%252Caps%252C283%26sr%3D8-53-spons%26sp_csd%3Dd2lkZ2V0TmFtZT1zcF9idGY%26psc%3D1,LOOKMUSTER (15.6 inch 30 L Casual Waterproof Laptop Backpack/Office Bag/School Bag/College Bag/Business Bag/Unisex Travel Backpack,599,3.4 out of 5 stars,(3),B09WJ16LPN,NA
https://www.amazon.com/sspa/click?ie=UTF8&spc=MToyNjY0MDAwMDk3NDU3NzI5OjE2NzU1MDAwMDk6c3BfYnRmOjIwMTA0MTQwMjY0Mjk4OjowOjo&url=%2FURBAN-TRIBE-Move-Backpack-Repellent%2Fdp%2FB0BP1QM6W5%2Fref%3Dsr_1_54_sspa%3Fcrid%3D2M096C61O4MLT%26keywords%3Dbags%26qid%3D1675500009%26sprefix%3Dba%252Caps%252C283%26sr%3D8-54-spons%26sp_csd%3Dd2lkZ2V0TmFtZT1zcF9idGY%26psc%3D1,URBAN TRIBE Move Travel/Office/Casual/Laptop Backpack,799,3.5 out of 5 stars,(10),B0BP1QM6W5,"['* Make sure this fits by entering your model number.', '* Made with strong and premium 450D Polyester', '* Max padded 15.4"" Laptop compartment', '* Cool and stylish looks', '* Unique front quick access mesh pockets', '* Large front pocket for extra convenience']"
https://www.amazon.com/sspa/click?ie=UTF8&spc=MToyNjY0NTM0MTg5NTEzNDAwOjE2NzU1MDAwNDU6c3BfYXRmX25leHQ6MjAwODIzOTcyMTM4OTg6OjA6Og&url=%2FNORTH-ZONE-backpack-INVALID-DATA_grey%2Fdp%2FB0BH8S9QGH%2Fref%3Dsr_1_49_sspa%3Fcrid%3D2M096C61O4MLT%26keywords%3Dbags%26qid%3D1675500045%26sprefix%3Dba%252Caps%252C283%26sr%3D8-49-spons%26sp_csd%3Dd2lkZ2V0TmFtZT1zcF9hdGZfbmV4dA%26psc%3D1,NORTH ZONE 30 ltrs ( Cms) backpack(INVALID DATA_grey),599,3.7 out of 5 stars,(33),B0BH8S9QGH,"['* Make sure this fits by entering your model number.', '* KEY FEATURES - Black Colour Laptop Backpack for Men and Women for Stylish Office use as well as for Trendy College students. Huge compartment size that can fit upto a 15.6 inch Laptop with ease. Multiple pockets for other accessories.', '* Charging On the Go - Now charge your phone on the go while travelling without the hassle of holding the bulky power bank in your pocket or in your hand. Simple Connect your Powerbank to the wire inside the Bag and leave it in the bag. When you want to charge your phone just connect your phone charger to the bag and your phone will start charging. IMPORTANT NOTE: We do NOT provide Free Portable Charger with the Bag', '* Anti Theft Design - This backpack by Fur Jaden has anti theft design where zipper of the main pocket is hidden at the back. No thief intruder or robber can find a way to open the backpack making this totally theft proof. There are secret pockets on the shoulder strap and on the sides of the bag allowing us to keep travel documents boarding pass credit cards mobile phone earphones etc.', '* Essence of Fur Jaden - We craft signature Laptop Backpacks and Casual Backpacks that are young vibrant and fashionable and yet a celebration of timeless style luxe and sophistication. We strive to make thoughtful designs that are high on aesthetics as well as on utility and functionality.', '* 100% Genuine NORTHZONE Men products 10 days No Question asked replacement guarantee from the date of delivery']"
https://www.amazon.com/sspa/click?ie=UTF8&spc=MToyNjY0NTM0MTg5NTEzNDAwOjE2NzU1MDAwNDU6c3BfYXRmX25leHQ6MjAwNzg5MjA3NzkzOTg6OjA6Og&url=%2FScanSmart-Backpack-Designed-blend-function-612014%2Fdp%2FB09V1GJ7D6%2Fref%3Dsr_1_50_sspa%3Fcrid%3D2M096C61O4MLT%26keywords%3Dbags%26qid%3D1675500045%26sprefix%3Dba%252Caps%252C283%26sr%3D8-50-spons%26sp_csd%3Dd2lkZ2V0TmFtZT1zcF9hdGZfbmV4dA%26psc%3D1,"Wenger 17.5"" ScanSmart Laptop Backpack 30 Litres Black Swiss Designed-blend of style & function 612014",5600,4.0 out of 5 stars,(21),B09V1GJ7D6,"['* Make sure this fits by entering your model number.', '* FUNCTIONALITY WITH STYLE: The Wenger 17.5"" ScanSmart Laptop Backpack allows you to breeze through airport security with ease as it offers superior protection for your laptop at airport security controls and a dedicated tablet pocket. Travel with confidence with your valuable items securely stored in your well-built backpack.', '* OPTIMUM COMFORT: Reinforced soft-grip grab handle for easy carrying. The Airflow back padding keeps wearer cool. The Shock-absorbing shoulder straps provides maximum comfort. Plethora of features to make you a distinguished traveler.', '* COMPREHENSIVE FEATURES: An ample main compartment integrates a mesh adapters zip pocket for cords chargers and other tech accessories. While weaving through airport traffic grab a cool drink from its side zip pockets. Featuring a convenient front pocket and an organizer compartment with multiple divider pockets leave your MetroCard smartphone and supplies ready whenever you are.', '* TECHNICAL SPECIFICATIONS: Dimensions: 46 x 24 x 35 cm Weight: 0.9 kg Capacity: 30 L', '* 5 YEAR WENGER WARRANTY: Our products undergo strict quality controls & rigorous testing standards. Nevertheless should you encounter a problem with your product we are offering you a 5-year warranty.']"
https://www.amazon.com/Genie-Glitter-Backpack-Women-compartments/dp/B097JHQH13/ref=sr_1_51?crid=2M096C61O4MLT&keywords=bags&qid=1675500045&sprefix=ba%2Caps%2C283&sr=8-51,Genie Glitter Backpack for Women - 3 compartments Laptop Bags for Girls Stylish and Trendy College Backpacks for Girls Water Resistant and Lightweight Bags for Office and Travelling Purpose.,1099,4.3 out of 5 stars,(304),B097JHQH13,NA
https://www.amazon.com/F-Gear-String-Polyester-33-cms-Black-Drawstring-Gym-Bag/dp/B07PC28YQ9/ref=sr_1_52?crid=2M096C61O4MLT&keywords=bags&qid=1675500045&sprefix=ba%2Caps%2C283&sr=8-52,F Gear String 11 Ltrs Nylon Black Gym Bag,189,4.0 out of 5 stars,(415),B07PC28YQ9,NA
https://www.amazon.com/Gear-Training-Travel-Black-Grey-DUFCRSTNG0104/dp/B098FFTDKT/ref=sr_1_53?crid=2M096C61O4MLT&keywords=bags&qid=1675500045&sprefix=ba%2Caps%2C283&sr=8-53,Gear Polyester 23 Cms Travel Bag(DUFCRSTNG0104_Black),539,4.3 out of 5 stars,"(1,860)",B098FFTDKT,NA
https://www.amazon.com/HP-Lightweight-300-Grey-Backpack/dp/B08CY44PVD/ref=sr_1_54?crid=2M096C61O4MLT&keywords=bags&qid=1675500045&sprefix=ba%2Caps%2C283&sr=8-54,HP Lightweight 300 Grey Laptops Backpack with Crafted Cable Pass Through and Padded Shoulder Straps,1002,4.1 out of 5 stars,(67),B08CY44PVD,NA
https://www.amazon.com/Nivia-6853BKGR-Polyester-Black-Grey/dp/B07NLB6FRS/ref=sr_1_55?crid=2M096C61O4MLT&keywords=bags&qid=1675500045&sprefix=ba%2Caps%2C283&sr=8-55,NIVIA Basic Duffle Polyester Bag/ Gym Bags/ Adjustable Shoulder Bag for Men/ Duffle Gym Bags for Men/ Fitness Bag/ Carry Bags/ Sports & Travel Bag/ Sports Kit/ Duffle Bags Travel (Black/Grey),245,3.9 out of 5 stars,(330),B07NLB6FRS,NA
https://www.amazon.com/Bennett-15-6-inch-College-Repellent-Backpack/dp/B09WZHX3B1/ref=sr_1_56?crid=2M096C61O4MLT&keywords=bags&qid=1675500045&sprefix=ba%2Caps%2C283&sr=8-56,Bennett Casual Laptop Bag school bags for boys girls 15.6-inch 25 LTR Office & College bags for mens Water Repellent Backpack for Men & Women (Black),512,4.0 out of 5 stars,(347),B09WZHX3B1,NA
https://www.amazon.com/Resistant-Outdoor-Shoulder-Unbalance-Earphone/dp/B07TT785P7/ref=sr_1_57?crid=2M096C61O4MLT&keywords=bags&qid=1675500045&sprefix=ba%2Caps%2C283&sr=8-57,Arctic Hunter Mens Small Sling Bag Chest Bag Shoulder Bag Mobile Bag Side Bag with Earphone Port Water Resistant for Everyday Use Small Items and Small Electronic ProductBlack,1139,4.3 out of 5 stars,(528),B07TT785P7,NA
https://www.amazon.com/WILD-MODA-Womens-Shoulder-Turquoise/dp/B099PLT91X/ref=sr_1_58?crid=2M096C61O4MLT&keywords=bags&qid=1675500045&sprefix=ba%2Caps%2C283&sr=8-58,WILD MODA Women's Shoulder Bag Set of 1,849,4.3 out of 5 stars,"(3,318)",B099PLT91X,NA
https://www.amazon.com/sspa/click?ie=UTF8&spc=MToyNjY0NTM0MTg5NTEzNDAwOjE2NzU1MDAwNDU6c3BfbXRmOjIwMTA0MTQwMjYzNjk4OjowOjo&url=%2FUrban-Tribe-Laptop-Backpack-Havana%2Fdp%2FB01LXNNFDF%2Fref%3Dsr_1_59_sspa%3Fcrid%3D2M096C61O4MLT%26keywords%3Dbags%26qid%3D1675500045%26sprefix%3Dba%252Caps%252C283%26sr%3D8-59-spons%26sp_csd%3Dd2lkZ2V0TmFtZT1zcF9tdGY%26psc%3D1,"URBAN TRIBE Havana 15.6"" inch Laptop Backpack for Men and Women | 27L Office/Work/Casual Bag | Water Repellent | Black",1169,3.9 out of 5 stars,(684),B01LXNNFDF,"['* Make sure this fits by entering your model number.', '* Laptop Compatibility: Yes Laptop size: 15.6 inches', '* Outer Material: Polyester Color: Black', '* Water Resistance: Water resistant', '* Dimensions: 33 cms x 17.5 cms x 47 cms (LxWxH)', '* type: Manufacturer; against manufacturing defects']"
https://www.amazon.com/sspa/click?ie=UTF8&spc=MToyNjY0NTM0MTg5NTEzNDAwOjE2NzU1MDAwNDU6c3BfbXRmOjIwMTEwMDgyMjQxNjk4OjowOjo&url=%2Fbg1905-Capacity-Laptop-Travelling-Backpack%2Fdp%2FB082MKHDJ1%2Fref%3Dsr_1_60_sspa%3Fcrid%3D2M096C61O4MLT%26keywords%3Dbags%26qid%3D1675500045%26sprefix%3Dba%252Caps%252C283%26sr%3D8-60-spons%26sp_csd%3Dd2lkZ2V0TmFtZT1zcF9tdGY%26psc%3D1,TSPARK Red Lemon bg1905 15.6 inch 35 LTR Capacity Laptop Bag for Men Travelling Hiking Backpack for Men and Women,2999,4.4 out of 5 stars,(60),B082MKHDJ1,"['* Make sure this fits by entering your model number.', '* Compartment: Outside 4 compartments including 2 water bottle slot 1 buckle for keeping quick access belonging Interior Key Chain Holder Interior Compartment Computer Interlayer Interior Zipper Pocket Interior Slot Pocket side pocket for water bottle Cell Phone Pocket large main pocket. Multi-layer pocket and storage space Back pouch for antitheft zipper pocket Multifunction designs fits for 15.6-inch laptop up to 17-inch laptop.', '* Thick back Air mesh cushion supports your spinal during excess weight with air cushion belt carrying system easy to carry on shoulder', '* Water resistance material protecting your electronic devices.', '* Anti-theft zip at back protecting your electronic gadgets and cards and wallets protects your laptop and other electronic devices External USB charging with earphone hole.', '* Use in daily life from office to gym to travelling.']"
https://www.amazon.com/American-Tourister-AMT-SCH-BAG01/dp/B07CJCFNZG/ref=sr_1_61?crid=2M096C61O4MLT&keywords=bags&qid=1675500045&sprefix=ba%2Caps%2C283&sr=8-61,American Tourister Casual Backpack,1119,4.1 out of 5 stars,"(14,197)",B07CJCFNZG,NA
https://www.amazon.com/Bennett-15-6-inch-College-Repellent-Backpack/dp/B09WZKHSDR/ref=sr_1_62?crid=2M096C61O4MLT&keywords=bags&qid=1675500045&sprefix=ba%2Caps%2C283&sr=8-62,Bennett Casual Laptop Bag school bags for boys girls 15.6-inch 25 LTR Office & College bags for mens Water Repellent Backpack for Men & Women (GREY),512,4.0 out of 5 stars,(347),B09WZKHSDR,NA
https://www.amazon.com/F-Gear-Tycoon-Laptop-Backpack/dp/B071XJ6XV5/ref=sr_1_63?crid=2M096C61O4MLT&keywords=bags&qid=1675500045&sprefix=ba%2Caps%2C283&sr=8-63,F Gear Tycoon 27 Liters Laptop Backpack Sch Bag(Black),1168,4.4 out of 5 stars,(202),B071XJ6XV5,NA
https://www.amazon.com/Lavie-Spring-Summer-Womens-Sling/dp/B081KGQ3M4/ref=sr_1_64?crid=2M096C61O4MLT&keywords=bags&qid=1675500045&sprefix=ba%2Caps%2C283&sr=8-64,Lavie Women's Medium Mamo Dome Sling Bag | Ladies Purse Handbag | Crossbody Sling Strap,658,4.0 out of 5 stars,"(1,372)",B081KGQ3M4,NA
https://www.amazon.com/Gear-Expandable-RainCover-Grey-Black-TLPTURBO00401/dp/B097KDRZ67/ref=sr_1_65?crid=2M096C61O4MLT&keywords=bags&qid=1675500045&sprefix=ba%2Caps%2C283&sr=8-65,Gear Turbo 45L Expandable Water Resistant Antitheft Laptop Bag/Backpack/Briefcase For Men/Women With Raincover (Grey),1568,4.4 out of 5 stars,(754),B097KDRZ67,NA
https://www.amazon.com/Nivia-5183-Polyester-Duffle-Medium/dp/B071KNXQ7Y/ref=sr_1_66?crid=2M096C61O4MLT&keywords=bags&qid=1675500045&sprefix=ba%2Caps%2C283&sr=8-66,NIVIA Beast Gym Bag-4 Polyester/Unisex Gym Bags/Shoulder Bag for Men & Women with Separate Shoes Compartment/Carry Gym Accessories/Fitness Bag/Sports & Travel Bag/Sports Kit (Black),529,4.2 out of 5 stars,"(3,671)",B071KNXQ7Y,NA
https://www.amazon.com/Safari-Backpack-Resistant-Polyester-Travelling/dp/B09B26VHXV/ref=sr_1_67?crid=2M096C61O4MLT&keywords=bags&qid=1675500045&sprefix=ba%2Caps%2C283&sr=8-67,Safari Flash Casual Backpack 26 ltr Water Resistant Travel Bags| Weight Polyester Bagpack for Men and Women Spacious Shoulder Bag for College Office Travelling and Camping,699,3.9 out of 5 stars,"(2,191)",B09B26VHXV,NA
https://www.amazon.com/Skybags-Brat-Green-Casual-Backpack/dp/B08Z21W4TG/ref=sr_1_68?crid=2M096C61O4MLT&keywords=bags&qid=1675500045&sprefix=ba%2Caps%2C283&sr=8-68,Skybags Brat Sea Green 46 Cms Casual Backpack,669,4.1 out of 5 stars,(874),B08Z21W4TG,NA
https://www.amazon.com/sspa/click?ie=UTF8&spc=MToyNjY0NTM0MTg5NTEzNDAwOjE2NzU1MDAwNDU6c3BfYnRmOjIwMTA5NjY4NjI3NDk4OjowOjo&url=%2FCasual-Waterproof-Backpack-College-Business%2Fdp%2FB09WJ16LPN%2Fref%3Dsr_1_69_sspa%3Fcrid%3D2M096C61O4MLT%26keywords%3Dbags%26qid%3D1675500045%26sprefix%3Dba%252Caps%252C283%26sr%3D8-69-spons%26sp_csd%3Dd2lkZ2V0TmFtZT1zcF9idGY%26psc%3D1,LOOKMUSTER (15.6 inch 30 L Casual Waterproof Laptop Backpack/Office Bag/School Bag/College Bag/Business Bag/Unisex Travel Backpack,599,3.4 out of 5 stars,(3),B09WJ16LPN,NA
https://www.amazon.com/sspa/click?ie=UTF8&spc=MToyNjY0NTM0MTg5NTEzNDAwOjE2NzU1MDAwNDU6c3BfYnRmOjIwMTA3NTk1NzIyMzk4OjowOjo&url=%2FHEROZ-Backpack-Resistant-Durable-Notebook%2Fdp%2FB08BYQZYYC%2Fref%3Dsr_1_70_sspa%3Fcrid%3D2M096C61O4MLT%26keywords%3Dbags%26qid%3D1675500045%26sprefix%3Dba%252Caps%252C283%26sr%3D8-70-spons%26sp_csd%3Dd2lkZ2V0TmFtZT1zcF9idGY%26psc%3D1,HEROZ Hammer Unisex Nylon 45 L Travel Laptop Backpack Water Resistant Slim Durable Fits Up to 17.3 Inch Laptop Notebook (All) (Navy Blue & Sky Blue),1424,4.3 out of 5 stars,"(7,644)",B08BYQZYYC,"['* Make sure this fits by entering your model number.', '* Hammer Unisex Nylon 45 L Travel Laptop Backpack Water Resistant Slim Durable Laptop Notebook All Fits Up To 17.3 Inch Grey & Black', '* Brand : HEROZ']"
https://www.amazon.com/sspa/click?ie=UTF8&spc=MTo4NDAzNTM1MjUxOTk0OTg2OjE2NzU1MDAwODg6c3BfYXRmX25leHQ6MjAxMDQxNDAyNjM2OTg6OjA6Og&url=%2FUrban-Tribe-Laptop-Backpack-Havana%2Fdp%2FB01LXNNFDF%2Fref%3Dsr_1_65_sspa%3Fcrid%3D2M096C61O4MLT%26keywords%3Dbags%26qid%3D1675500088%26sprefix%3Dba%252Caps%252C283%26sr%3D8-65-spons%26sp_csd%3Dd2lkZ2V0TmFtZT1zcF9hdGZfbmV4dA%26psc%3D1,"URBAN TRIBE Havana 15.6"" inch Laptop Backpack for Men and Women | 27L Office/Work/Casual Bag | Water Repellent | Black",1169,3.9 out of 5 stars,(684),B01LXNNFDF,"['* Make sure this fits by entering your model number.', '* Laptop Compatibility: Yes Laptop size: 15.6 inches', '* Outer Material: Polyester Color: Black', '* Water Resistance: Water resistant', '* Dimensions: 33 cms x 17.5 cms x 47 cms (LxWxH)', '* type: Manufacturer; against manufacturing defects']"
https://www.amazon.com/sspa/click?ie=UTF8&spc=MTo4NDAzNTM1MjUxOTk0OTg2OjE2NzU1MDAwODg6c3BfYXRmX25leHQ6MjAwODIzOTcyMTM4OTg6OjA6Og&url=%2FNORTH-ZONE-backpack-INVALID-DATA_grey%2Fdp%2FB0BH8S9QGH%2Fref%3Dsr_1_66_sspa%3Fcrid%3D2M096C61O4MLT%26keywords%3Dbags%26qid%3D1675500088%26sprefix%3Dba%252Caps%252C283%26sr%3D8-66-spons%26sp_csd%3Dd2lkZ2V0TmFtZT1zcF9hdGZfbmV4dA%26psc%3D1,NORTH ZONE 30 ltrs ( Cms) backpack(INVALID DATA_grey),599,3.7 out of 5 stars,(33),B0BH8S9QGH,"['* Make sure this fits by entering your model number.', '* KEY FEATURES - Black Colour Laptop Backpack for Men and Women for Stylish Office use as well as for Trendy College students. Huge compartment size that can fit upto a 15.6 inch Laptop with ease. Multiple pockets for other accessories.', '* Charging On the Go - Now charge your phone on the go while travelling without the hassle of holding the bulky power bank in your pocket or in your hand. Simple Connect your Powerbank to the wire inside the Bag and leave it in the bag. When you want to charge your phone just connect your phone charger to the bag and your phone will start charging. IMPORTANT NOTE: We do NOT provide Free Portable Charger with the Bag', '* Anti Theft Design - This backpack by Fur Jaden has anti theft design where zipper of the main pocket is hidden at the back. No thief intruder or robber can find a way to open the backpack making this totally theft proof. There are secret pockets on the shoulder strap and on the sides of the bag allowing us to keep travel documents boarding pass credit cards mobile phone earphones etc.', '* Essence of Fur Jaden - We craft signature Laptop Backpacks and Casual Backpacks that are young vibrant and fashionable and yet a celebration of timeless style luxe and sophistication. We strive to make thoughtful designs that are high on aesthetics as well as on utility and functionality.', '* 100% Genuine NORTHZONE Men products 10 days No Question asked replacement guarantee from the date of delivery']"
https://www.amazon.com/Skybags-Brat-Green-Casual-Backpack/dp/B08Z21W4TG/ref=sr_1_67?crid=2M096C61O4MLT&keywords=bags&qid=1675500088&sprefix=ba%2Caps%2C283&sr=8-67,Skybags Brat Sea Green 46 Cms Casual Backpack,669,4.1 out of 5 stars,(874),B08Z21W4TG,NA
https://www.amazon.com/AirCase-C30-Messenger-Compartments-Multi-Pockets/dp/B07V47HHRG/ref=sr_1_68?crid=2M096C61O4MLT&keywords=bags&qid=1675500088&sprefix=ba%2Caps%2C283&sr=8-68,AirCase Laptop Messenger Bag Case Cover Pouch for 13.3-Inch 14-Inch 15.6 -Inch Laptop Bag for Men & Women,1198,3.8 out of 5 stars,(628),B07V47HHRG,NA
https://www.amazon.com/Lavie-Spring-Summer-Womens-Sling/dp/B081KGQ3M4/ref=sr_1_69?crid=2M096C61O4MLT&keywords=bags&qid=1675500088&sprefix=ba%2Caps%2C283&sr=8-69,Lavie Women's Medium Mamo Dome Sling Bag | Ladies Purse Handbag | Crossbody Sling Strap,658,4.0 out of 5 stars,"(1,372)",B081KGQ3M4,NA
https://www.amazon.com/Dell-Pro-Slim-Backpack-15/dp/B07PMQTB6T/ref=sr_1_70?crid=2M096C61O4MLT&keywords=bags&qid=1675500088&sprefix=ba%2Caps%2C283&sr=8-70,Dell Pro Slim Backpack 15 - PO1520PS - Fits Most laptops up to 38.1 cm (15 inches Black),1599,4.4 out of 5 stars,(373),B07PMQTB6T,NA
https://www.amazon.com/EcoRight-Womens-Reusable-Ecofriendly-0202F01/dp/B06XRQRDCY/ref=sr_1_71?crid=2M096C61O4MLT&keywords=bags&qid=1675500088&sprefix=ba%2Caps%2C283&sr=8-71,Eco Right Large Tote Bag for Women with Zip Stylish Cotton Handbags Canvas Tote Bags for College,519,4.1 out of 5 stars,"(7,084)",B06XRQRDCY,NA
https://www.amazon.com/Gear-Vintage2-Leather-Backpack-LBPVG2LTH1901/dp/B07G4F3758/ref=sr_1_72?crid=2M096C61O4MLT&keywords=bags&qid=1675500088&sprefix=ba%2Caps%2C283&sr=8-72,Gear Vintage2 Anti Theft Faux Leather 18 cms Tan Laptop Backpack,1049,4.4 out of 5 stars,"(1,404)",B07G4F3758,NA
https://www.amazon.com/Wesley-Briefcase-Professional-Messenger-Resistant/dp/B08K7PN23C/ref=sr_1_73?crid=2M096C61O4MLT&keywords=bags&qid=1675500088&sprefix=ba%2Caps%2C283&sr=8-73,Wesley Xenon Laptop Bag,498,4.0 out of 5 stars,"(1,066)",B08K7PN23C,NA
https://www.amazon.com/Lenovo-15-6-Inches-Everyday-Backpack/dp/B08R7RPVJF/ref=sr_1_74?crid=2M096C61O4MLT&keywords=bags&qid=1675500088&sprefix=ba%2Caps%2C283&sr=8-74,Lenovo Slim Everyday Backpack,839,4.4 out of 5 stars,"(2,633)",B08R7RPVJF,NA
https://www.amazon.com/sspa/click?ie=UTF8&spc=MTo4NDAzNTM1MjUxOTk0OTg2OjE2NzU1MDAwODg6c3BfbXRmOjIwMTE0NjA4MDA4Mzk4OjowOjo&url=%2FVOKAN-Laptop-Backpack-Charging-Resistant%2Fdp%2FB0BQ3ND145%2Fref%3Dsr_1_75_sspa%3Fcrid%3D2M096C61O4MLT%26keywords%3Dbags%26qid%3D1675500088%26sprefix%3Dba%252Caps%252C283%26sr%3D8-75-spons%26sp_csd%3Dd2lkZ2V0TmFtZT1zcF9tdGY%26psc%3D1,VOKAN Laptop Backpack bag men With USB Charging Port Water Resistant 30L (Black),699,NA,NA,B0BQ3ND145,"['* Make sure this fits by entering your model number.', '* Multi-Organized Compartments and Pockets: One separate padded laptop compartment holds more then 15.6 Inchs Laptop. One spacious storage compartment for Daily necessities electronics accessories like pen keys Head phones Books Small daily items etc.. Front compartment with many pockets which is perfect for some quick-access objects making your essentials organized and easy to find.', '* Laptop Backapck bag for men casual', '* backapck for men', '* men backpack', '* men bag']"
https://www.amazon.com/sspa/click?ie=UTF8&spc=MTo4NDAzNTM1MjUxOTk0OTg2OjE2NzU1MDAwODg6c3BfbXRmOjIwMTE0NjA4MDA3NDk4OjowOjo&url=%2FVOKAN-Laptop-Backpack-Charging-Resistant%2Fdp%2FB0BQJLHLXZ%2Fref%3Dsr_1_76_sspa%3Fcrid%3D2M096C61O4MLT%26keywords%3Dbags%26qid%3D1675500088%26sprefix%3Dba%252Caps%252C283%26sr%3D8-76-spons%26sp_csd%3Dd2lkZ2V0TmFtZT1zcF9tdGY%26psc%3D1,VOKAN Laptop Backpack bag men With USB Charging Port Water Resistant 30L (Red),699,5.0 out of 5 stars,(1),B0BQJLHLXZ,"['* Make sure this fits by entering your model number.', '* Multi-Organized Compartments and Pockets: One separate padded laptop compartment holds more then 15.6 Inchs Laptop. One spacious storage compartment for Daily necessities electronics accessories like pen keys Head phones Books Small daily items etc.. Front compartment with many pockets which is perfect for some quick-access objects making your essentials organized and easy to find.', '* Laptop Backapck bag for men casual', '* backapck for men', '* men backpack', '* men bag']"
https://www.amazon.com/HP-Lightweight-100-Black-Backpack/dp/B08CY1YXCK/ref=sr_1_77?crid=2M096C61O4MLT&keywords=bags&qid=1675500088&sprefix=ba%2Caps%2C283&sr=8-77,HP 100 Lightweight Backpack for 15.6-inch Laptop with Elastic and Padded Shoulder Straps (Black),897,4.0 out of 5 stars,(516),B08CY1YXCK,NA
https://www.amazon.com/F-Gear-Enzo-Red-Sports-Waist-Bag/dp/B0862LF7HS/ref=sr_1_78?crid=2M096C61O4MLT&keywords=bags&qid=1675500088&sprefix=ba%2Caps%2C283&sr=8-78,F Gear Enzo Sports Waist Bag (.Red),197,4.2 out of 5 stars,(751),B0862LF7HS,NA
https://www.amazon.com/Wildcraft-Packs18-Laptop-Backpack-Streak/dp/B07FC4D9B5/ref=sr_1_79_mod_primary_new?crid=2M096C61O4MLT&keywords=bags&qid=1675500088&sbo=RZvfv%2F%2FHxDF%2BO5021pAnSA%3D%3D&sprefix=ba%2Caps%2C283&sr=8-79,Wildcraft Work Packs'18 21 Ltrs Black Laptop Backpack (Streak Plus),1445,4.4 out of 5 stars,"(1,885)",B07FC4D9B5,NA
https://www.amazon.com/Trajectory-Elegant-15-6-Laptop-Office/dp/B09RK6NCGC/ref=sr_1_80?crid=2M096C61O4MLT&keywords=bags&qid=1675500088&sprefix=ba%2Caps%2C283&sr=8-80,Trajectory Sigma Brown Elegant Vegan Leather Crossbody Messenger Office Bag for upto 15.6 Inch Laptop  MacBook  Notebook with Multiple Compartment Shoulder & Handbag for Men & Women with 2 Years Warranty,1399,4.2 out of 5 stars,(340),B09RK6NCGC,NA
https://www.amazon.com/Bagneeds-Synthetic-Leather-Briefcase-Messenger/dp/B0855F8174/ref=sr_1_81?crid=2M096C61O4MLT&keywords=bags&qid=1675500088&sprefix=ba%2Caps%2C283&sr=8-81,Bagneeds Men's Black Synthetic Leather Briefcase Best Laptop Messenger Bag Satchel for Men,664,4.1 out of 5 stars,"(3,613)",B0855F8174,NA
https://www.amazon.com/Zipline-Nexa-Resistant-Bagpack-Backpack/dp/B08WQ668WJ/ref=sr_1_82?crid=2M096C61O4MLT&keywords=bags&qid=1675500088&sprefix=ba%2Caps%2C283&sr=8-82,ZIPLINE Unisex Casual Polyester 36 L Backpack School Bag Women Men Boys Girls Children Daypack College Bag Book School Sports Bag,843,3.7 out of 5 stars,(712),B08WQ668WJ,NA
https://www.amazon.com/Chic-Buddy-Waterproof-Swimsuits-Toiletries/dp/B09KSBHC18/ref=sr_1_83?crid=2M096C61O4MLT&keywords=bags&qid=1675500088&sprefix=ba%2Caps%2C283&sr=8-83,Chic Buddy Waterproof Wet Bag Washable Reusable for Travel Beach Pool Stroller Diapers Dirty Gym Clothes Wet Swimsuits Toiletries,299,4.5 out of 5 stars,(257),B09KSBHC18,NA
https://www.amazon.com/Motherly-Diaper-Bags-Travel-Basic/dp/B07PKQ3WJZ/ref=sr_1_84?crid=2M096C61O4MLT&keywords=bags&qid=1675500088&sprefix=ba%2Caps%2C283&sr=8-84,Motherly Diaper Bags for Mom Travel Basic Edition (Navy BluePack of 1),1516,4.5 out of 5 stars,"(2,472)",B07PKQ3WJZ,NA
https://www.amazon.com/sspa/click?ie=UTF8&spc=MTo4NDAzNTM1MjUxOTk0OTg2OjE2NzU1MDAwODg6c3BfYnRmOjIwMDQzMzIxMTM2NjA2OjowOjo&url=%2FCOSMUS-Multipurpose-Backpack-Bag-compartment%2Fdp%2FB078JVT384%2Fref%3Dsr_1_85_sspa%3Fcrid%3D2M096C61O4MLT%26keywords%3Dbags%26qid%3D1675500088%26sprefix%3Dba%252Caps%252C283%26sr%3D8-85-spons%26sp_csd%3Dd2lkZ2V0TmFtZT1zcF9idGY%26psc%3D1,COSMUS Madison waterproof Multipurpose Backpack With laptop compartment  33L,1196,4.2 out of 5 stars,"(2,166)",B078JVT384,"['* Make sure this fits by entering your model number.', '* Large multi-compartment backpack with a padded sleeve for laptops Holds up to 15 inches Laptop', '* Water Resistance PU Coated Durable Fabric with padded back section for comfortable carry', '* Number of compartments: 2; Number of pockets:2 with 2 Side mash pocket', '* Front Organizer compartments for pens keys and cell phone', '* Dimensions: 13 x 18 x 8.5 [inches] (WxHxD); Weight: 755 gms']"
https://www.amazon.com/sspa/click?ie=UTF8&spc=MTo4NDAzNTM1MjUxOTk0OTg2OjE2NzU1MDAwODg6c3BfYnRmOjIwMTA0MTQwMjY0Mjk4OjowOjo&url=%2FURBAN-TRIBE-Move-Backpack-Repellent%2Fdp%2FB0BP1QM6W5%2Fref%3Dsr_1_86_sspa%3Fcrid%3D2M096C61O4MLT%26keywords%3Dbags%26qid%3D1675500088%26sprefix%3Dba%252Caps%252C283%26sr%3D8-86-spons%26sp_csd%3Dd2lkZ2V0TmFtZT1zcF9idGY%26psc%3D1,URBAN TRIBE Move Travel/Office/Casual/Laptop Backpack,799,3.5 out of 5 stars,(10),B0BP1QM6W5,"['* Make sure this fits by entering your model number.', '* Made with strong and premium 450D Polyester', '* Max padded 15.4"" Laptop compartment', '* Cool and stylish looks', '* Unique front quick access mesh pockets', '* Large front pocket for extra convenience']"
https://www.amazon.com/sspa/click?ie=UTF8&spc=MTo2MTQzMTkzNTM5OTUyNzQ2OjE2NzU1MDAxMjY6c3BfYXRmX25leHQ6MjAxMTU4MjY5MzQ3OTg6OjA6Og&url=%2FBackpack-Capacity-Water-resistant-Multi-pocket-Business%2Fdp%2FB0B6FK9ZZG%2Fref%3Dsr_1_81_sspa%3Fcrid%3D2M096C61O4MLT%26keywords%3Dbags%26qid%3D1675500126%26sprefix%3Dba%252Caps%252C283%26sr%3D8-81-spons%26sp_csd%3Dd2lkZ2V0TmFtZT1zcF9hdGZfbmV4dA%26psc%3D1,"Arctic Hunter Laptop BagCasual Backpack 30L Large Capacity Laptop Bag with 15.6"" Laptop Pocket Water-resistantMulti-pocket School Travel Business Bag with USB Charging Port for Men/WomenBlack",2849,4.5 out of 5 stars,(34),B0B6FK9ZZG,NA
https://www.amazon.com/sspa/click?ie=UTF8&spc=MTo2MTQzMTkzNTM5OTUyNzQ2OjE2NzU1MDAxMjY6c3BfYXRmX25leHQ6MjAxMDQxNDAyNjM2OTg6OjA6Og&url=%2FUrban-Tribe-Laptop-Backpack-Havana%2Fdp%2FB01LXNNFDF%2Fref%3Dsr_1_82_sspa%3Fcrid%3D2M096C61O4MLT%26keywords%3Dbags%26qid%3D1675500126%26sprefix%3Dba%252Caps%252C283%26sr%3D8-82-spons%26sp_csd%3Dd2lkZ2V0TmFtZT1zcF9hdGZfbmV4dA%26psc%3D1,"URBAN TRIBE Havana 15.6"" inch Laptop Backpack for Men and Women | 27L Office/Work/Casual Bag | Water Repellent | Black",1169,3.9 out of 5 stars,(684),B01LXNNFDF,"['* Make sure this fits by entering your model number.', '* Laptop Compatibility: Yes Laptop size: 15.6 inches', '* Outer Material: Polyester Color: Black', '* Water Resistance: Water resistant', '* Dimensions: 33 cms x 17.5 cms x 47 cms (LxWxH)', '* type: Manufacturer; against manufacturing defects']"
https://www.amazon.com/F-Gear-Tycoon-Laptop-Backpack/dp/B071XJ6XV5/ref=sr_1_83?crid=2M096C61O4MLT&keywords=bags&qid=1675500126&sprefix=ba%2Caps%2C283&sr=8-83,F Gear Tycoon 27 Liters Laptop Backpack Sch Bag(Black),1168,4.4 out of 5 stars,(202),B071XJ6XV5,NA
https://www.amazon.com/Nivia-Deflate-5180BK-Polyester-Round/dp/B07222KX3S/ref=sr_1_84?crid=2M096C61O4MLT&keywords=bags&qid=1675500126&sprefix=ba%2Caps%2C283&sr=8-84,NIVIA Deflate Round 01 Polyester Gym Bag/Unisex Gym Bags/Adjustable Shoulder Bag for Men/Duffle Gym Bags for Men/Carry Gym Accessories/Fitness Bag/Sports &Travel Bag/Gym kit Bag,439,4.2 out of 5 stars,"(7,166)",B07222KX3S,NA
https://www.amazon.com/Veneer-Business-Briefcase-Resistant-Messenger/dp/B08Z619V6Z/ref=sr_1_85?crid=2M096C61O4MLT&keywords=bags&qid=1675500126&sprefix=ba%2Caps%2C283&sr=8-85,Veneer Laptop Bag 15.6 Inch Business Briefcase for Men Women 15inch Water Resistant Messenger Shoulder Bag with Strap Durable Office Bag for Computer/Notebook/MacBook,1055,4.2 out of 5 stars,"(2,885)",B08Z619V6Z,NA
https://www.amazon.com/Wesley-Briefcase-Professional-Messenger-Resistant/dp/B08K7PN23C/ref=sr_1_86?crid=2M096C61O4MLT&keywords=bags&qid=1675500126&sprefix=ba%2Caps%2C283&sr=8-86,Wesley Xenon Laptop Bag,498,4.0 out of 5 stars,"(1,066)",B08K7PN23C,"['* Make sure this fits by entering your model number.', '* Wesley laptop bag professional series 15.6 inch', '* Laptop compartment with dual zippered access and thick foam padding protects your laptop very well.', '* Made of top fabric designed to be very lightweight and slim but stylish practical and durable.', '* Luggage strap which helps to easily fix the briefcase on handle of your trolley', '* Trendy look and design. Dimensions: 16 x12.5x3.5 inch']"
https://www.amazon.com/Gear-Beige-Casual-Backpack-BKPTRMP520522/dp/B00VWM11HQ/ref=sr_1_87?crid=2M096C61O4MLT&keywords=bags&qid=1675500126&sprefix=ba%2Caps%2C283&sr=8-87,Gear Triumph 26L Water Resistant School Bag//Backpack/College Bag for Men/Women - Navy Blue,799,4.2 out of 5 stars,"(5,377)",B00VWM11HQ,NA
https://www.amazon.com/Gear-Expandable-RainCover-Grey-Black-TLPTURBO00401/dp/B097KDRZ67/ref=sr_1_88?crid=2M096C61O4MLT&keywords=bags&qid=1675500126&sprefix=ba%2Caps%2C283&sr=8-88,Gear Turbo 45L Expandable Water Resistant Antitheft Laptop Bag/Backpack/Briefcase For Men/Women With Raincover (Grey),1568,4.4 out of 5 stars,(754),B097KDRZ67,NA
https://www.amazon.com/VIP-Endura-Puller-Brown-Duffle/dp/B0B527KJQZ/ref=sr_1_89?crid=2M096C61O4MLT&keywords=bags&qid=1675500126&sprefix=ba%2Caps%2C283&sr=8-89,VIP Polypropylene 48 Cms Travel Bag(DFENDEBRN_Brown),899,4.4 out of 5 stars,(335),B0B527KJQZ,NA
https://www.amazon.com/Baggit-Womens-Satchel-Handbag-Grey/dp/B098TKJG1L/ref=sr_1_90?crid=2M096C61O4MLT&keywords=bags&qid=1675500126&sprefix=ba%2Caps%2C283&sr=8-90,Baggit Women's Sling Bag (Grey),579,4.3 out of 5 stars,(780),B098TKJG1L,NA
https://www.amazon.com/sspa/click?ie=UTF8&spc=MTo2MTQzMTkzNTM5OTUyNzQ2OjE2NzU1MDAxMjY6c3BfbXRmOjIwMTE0NjA4MDA3NDk4OjowOjo&url=%2FVOKAN-Laptop-Backpack-Charging-Resistant%2Fdp%2FB0BQJLHLXZ%2Fref%3Dsr_1_91_sspa%3Fcrid%3D2M096C61O4MLT%26keywords%3Dbags%26qid%3D1675500126%26sprefix%3Dba%252Caps%252C283%26sr%3D8-91-spons%26sp_csd%3Dd2lkZ2V0TmFtZT1zcF9tdGY%26psc%3D1,VOKAN Laptop Backpack bag men With USB Charging Port Water Resistant 30L (Red),699,5.0 out of 5 stars,(1),B0BQJLHLXZ,"['* Make sure this fits by entering your model number.', '* Multi-Organized Compartments and Pockets: One separate padded laptop compartment holds more then 15.6 Inchs Laptop. One spacious storage compartment for Daily necessities electronics accessories like pen keys Head phones Books Small daily items etc.. Front compartment with many pockets which is perfect for some quick-access objects making your essentials organized and easy to find.', '* Laptop Backapck bag for men casual', '* backapck for men', '* men backpack', '* men bag']"
https://www.amazon.com/sspa/click?ie=UTF8&spc=MTo2MTQzMTkzNTM5OTUyNzQ2OjE2NzU1MDAxMjY6c3BfbXRmOjIwMTAwODU1MDk4NTk4OjowOjo&url=%2FFur-Jaden-resistant-Backpack-BM100_Brown%2Fdp%2FB07P5X6NSN%2Fref%3Dsr_1_92_sspa%3Fcrid%3D2M096C61O4MLT%26keywords%3Dbags%26qid%3D1675500126%26sprefix%3Dba%252Caps%252C283%26sr%3D8-92-spons%26sp_csd%3Dd2lkZ2V0TmFtZT1zcF9tdGY%26psc%3D1,FUR JADEN Vegan Leather 30L 15.6 Inch Laptop Backpack for Men Women for Office Professionals and College Students,889,4.2 out of 5 stars,"(1,748)",B07P5X6NSN,NA
https://www.amazon.com/Step-Backpack-Small-Water-Repellant/dp/B088XG77KN/ref=sr_1_93?crid=2M096C61O4MLT&keywords=bags&qid=1675500126&sprefix=ba%2Caps%2C283&sr=8-93,Mi Step Out 12 L Mini Backpack (Small Size Red Water Repellant),249,4.1 out of 5 stars,"(7,634)",B088XG77KN,NA
https://www.amazon.com/YuvKuz-TM-Infocus-Digitizer-Assembly/dp/B07MXNWTB2/ref=sr_1_94?crid=2M096C61O4MLT&keywords=bags&qid=1675500126&sprefix=ba%2Caps%2C283&sr=8-94,Lavie Women's Nova Tote Bag | Ladies Purse Handbag,824,4.2 out of 5 stars,"(7,320)",B07MXNWTB2,NA
https://www.amazon.com/Nivia-5177BK-Polyester-String-Black/dp/B071XM6PSM/ref=sr_1_95?crid=2M096C61O4MLT&keywords=bags&qid=1675500126&sprefix=ba%2Caps%2C283&sr=8-95,Nivia Polyester String Bag,159,4.1 out of 5 stars,(968),B071XM6PSM,NA
https://www.amazon.com/HP-Lightweight-300-Grey-Backpack/dp/B08CY44PVD/ref=sr_1_96?crid=2M096C61O4MLT&keywords=bags&qid=1675500126&sprefix=ba%2Caps%2C283&sr=8-96,HP Lightweight 300 Grey Laptops Backpack with Crafted Cable Pass Through and Padded Shoulder Straps,1002,4.1 out of 5 stars,(67),B08CY44PVD,NA
https://www.amazon.com/Wildcraft-Packs18-Laptop-Backpack-Streak/dp/B07FC4D9B5/ref=sr_1_97_mod_primary_new?crid=2M096C61O4MLT&keywords=bags&qid=1675500126&sbo=RZvfv%2F%2FHxDF%2BO5021pAnSA%3D%3D&sprefix=ba%2Caps%2C283&sr=8-97,Wildcraft Work Packs'18 21 Ltrs Black Laptop Backpack (Streak Plus),1445,4.4 out of 5 stars,"(1,885)",B07FC4D9B5,NA
https://www.amazon.com/American-Tourister-Polypropylene-LG4-08/dp/B0BB2LX7LW/ref=sr_1_98?crid=2M096C61O4MLT&keywords=bags&qid=1675500126&sprefix=ba%2Caps%2C283&sr=8-98,American Tourister Polypropylene Hard 68 cms Luggage- Suitcase(LG4 (0) 08 002_Iron Grey),2699,4.0 out of 5 stars,(152),B0BB2LX7LW,NA
https://www.amazon.com/BennettTM-Shoulder-Messenger-Repellent-Charcoal/dp/B09CV24TMK/ref=sr_1_99?crid=2M096C61O4MLT&keywords=bags&qid=1675500126&sprefix=ba%2Caps%2C283&sr=8-99,Bennett™ Mystic Unisex Adult Men's Laptop Bag 15.6 inch Side Shoulder Briefcase Satchel Messenger Business Bags for Men & Women Front Pocket for Laptop Accessories - Black (6 Month Warranty),512,4.1 out of 5 stars,"(4,863)",B09CV24TMK,NA
https://www.amazon.com/Half-Moon-Trekking-Bags-Compartment/dp/B08PSX1LN9/ref=sr_1_100?crid=2M096C61O4MLT&keywords=bags&qid=1675500126&sprefix=ba%2Caps%2C283&sr=8-100,Half Moon 45L Hammer Waterproof Laptop Travelling Rucksack Trekking Backpack for Travel Journey bags for Men Women Boys & Girls with 17.3inch Laptop Compartment & Rain cover,1299,4.1 out of 5 stars,(904),B08PSX1LN9,NA
https://www.amazon.com/sspa/click?ie=UTF8&spc=MTo2MTQzMTkzNTM5OTUyNzQ2OjE2NzU1MDAxMjY6c3BfYnRmOjIwMDQzMzIxMTM2NjA2OjowOjo&url=%2FCOSMUS-Multipurpose-Backpack-Bag-compartment%2Fdp%2FB078JVT384%2Fref%3Dsr_1_101_sspa%3Fcrid%3D2M096C61O4MLT%26keywords%3Dbags%26qid%3D1675500126%26sprefix%3Dba%252Caps%252C283%26sr%3D8-101-spons%26sp_csd%3Dd2lkZ2V0TmFtZT1zcF9idGY%26psc%3D1,COSMUS Madison waterproof Multipurpose Backpack With laptop compartment  33L,1196,4.2 out of 5 stars,"(2,166)",B078JVT384,NA
https://www.amazon.com/sspa/click?ie=UTF8&spc=MTo2MTQzMTkzNTM5OTUyNzQ2OjE2NzU1MDAxMjY6c3BfYnRmOjIwMTA0MTQwMjY0Mjk4OjowOjo&url=%2FURBAN-TRIBE-Move-Backpack-Repellent%2Fdp%2FB0BP1QM6W5%2Fref%3Dsr_1_102_sspa%3Fcrid%3D2M096C61O4MLT%26keywords%3Dbags%26qid%3D1675500126%26sprefix%3Dba%252Caps%252C283%26sr%3D8-102-spons%26sp_csd%3Dd2lkZ2V0TmFtZT1zcF9idGY%26psc%3D1,URBAN TRIBE Move Travel/Office/Casual/Laptop Backpack,799,3.5 out of 5 stars,(10),B0BP1QM6W5,"['* Make sure this fits by entering your model number.', '* Made with strong and premium 450D Polyester', '* Max padded 15.4"" Laptop compartment', '* Cool and stylish looks', '* Unique front quick access mesh pockets', '* Large front pocket for extra convenience']"
https://www.amazon.com/sspa/click?ie=UTF8&spc=MTo3NjQ4ODE3NTg5MDIxMjE0OjE2NzU1MDAxNjE6c3BfYXRmX25leHQ6MjAxMTU4MjY5MzQ3OTg6OjA6Og&url=%2FBackpack-Capacity-Water-resistant-Multi-pocket-Business%2Fdp%2FB0B6FK9ZZG%2Fref%3Dsr_1_97_sspa%3Fcrid%3D2M096C61O4MLT%26keywords%3Dbags%26qid%3D1675500161%26sprefix%3Dba%252Caps%252C283%26sr%3D8-97-spons%26sp_csd%3Dd2lkZ2V0TmFtZT1zcF9hdGZfbmV4dA%26psc%3D1,"Arctic Hunter Laptop BagCasual Backpack 30L Large Capacity Laptop Bag with 15.6"" Laptop Pocket Water-resistantMulti-pocket School Travel Business Bag with USB Charging Port for Men/WomenBlack",2849,4.5 out of 5 stars,34,B0B6FK9ZZG,NA
https://www.amazon.com/sspa/click?ie=UTF8&spc=MTo3NjQ4ODE3NTg5MDIxMjE0OjE2NzU1MDAxNjE6c3BfYXRmX25leHQ6MjAwODIzOTcyMTM4OTg6OjA6Og&url=%2FNORTH-ZONE-backpack-INVALID-DATA_grey%2Fdp%2FB0BH8S9QGH%2Fref%3Dsr_1_98_sspa%3Fcrid%3D2M096C61O4MLT%26keywords%3Dbags%26qid%3D1675500161%26sprefix%3Dba%252Caps%252C283%26sr%3D8-98-spons%26sp_csd%3Dd2lkZ2V0TmFtZT1zcF9hdGZfbmV4dA%26psc%3D1,NORTH ZONE 30 ltrs ( Cms) backpack(INVALID DATA_grey),599,3.7 out of 5 stars,33,B0BH8S9QGH,"['* Make sure this fits by entering your model number.', '* KEY FEATURES - Black Colour Laptop Backpack for Men and Women for Stylish Office use as well as for Trendy College students. Huge compartment size that can fit upto a 15.6 inch Laptop with ease. Multiple pockets for other accessories.', '* Charging On the Go - Now charge your phone on the go while travelling without the hassle of holding the bulky power bank in your pocket or in your hand. Simple Connect your Powerbank to the wire inside the Bag and leave it in the bag. When you want to charge your phone just connect your phone charger to the bag and your phone will start charging. IMPORTANT NOTE: We do NOT provide Free Portable Charger with the Bag', '* Anti Theft Design - This backpack by Fur Jaden has anti theft design where zipper of the main pocket is hidden at the back. No thief intruder or robber can find a way to open the backpack making this totally theft proof. There are secret pockets on the shoulder strap and on the sides of the bag allowing us to keep travel documents boarding pass credit cards mobile phone earphones etc.', '* Essence of Fur Jaden - We craft signature Laptop Backpacks and Casual Backpacks that are young vibrant and fashionable and yet a celebration of timeless style luxe and sophistication. We strive to make thoughtful designs that are high on aesthetics as well as on utility and functionality.', '* 100% Genuine NORTHZONE Men products 10 days No Question asked replacement guarantee from the date of delivery']"
https://www.amazon.com/Gear-Black-Casual-Backpack-MDBKPECO50104/dp/B0757MBSS6/ref=sr_1_99?crid=2M096C61O4MLT&keywords=bags&qid=1675500161&sprefix=ba%2Caps%2C283&sr=8-99,Gear Casual Backpack,429,3.8 out of 5 stars,"2,040",B0757MBSS6,NA
https://www.amazon.com/Nivia-5177BK-Polyester-String-Black/dp/B071XM6PSM/ref=sr_1_100?crid=2M096C61O4MLT&keywords=bags&qid=1675500161&sprefix=ba%2Caps%2C283&sr=8-100,Nivia Polyester String Bag,159,4.1 out of 5 stars,968,B071XM6PSM,NA
https://www.amazon.com/Red-Lemon-Polyester-15-6-inch-Waterproof/dp/B07XYY2FW4/ref=sr_1_101?crid=2M096C61O4MLT&keywords=bags&qid=1675500161&sprefix=ba%2Caps%2C283&sr=8-101,Red Lemon Polyester Bange Series 15.6inch Laptop Bag for Men 35 LTR Capacity Daily Office Bag for Men and Women Black (1903),2849,4.2 out of 5 stars,152,B07XYY2FW4,NA
https://www.amazon.com/BennettTM-Shoulder-Messenger-Repellent-Charcoal/dp/B09CV24TMK/ref=sr_1_102?crid=2M096C61O4MLT&keywords=bags&qid=1675500161&sprefix=ba%2Caps%2C283&sr=8-102,Bennett™ Mystic Unisex Adult Men's Laptop Bag 15.6 inch Side Shoulder Briefcase Satchel Messenger Business Bags for Men & Women Front Pocket for Laptop Accessories - Black (6 Month Warranty),512,4.1 out of 5 stars,"4,863",B09CV24TMK,NA
https://www.amazon.com/GOCART-LOGO-Backpack-Briefcase-Convertible/dp/B0822H451W/ref=sr_1_103?crid=2M096C61O4MLT&keywords=bags&qid=1675500161&sprefix=ba%2Caps%2C283&sr=8-103,GOCART WITH G LOGO Laptop Backpack Casual Daypacks Briefcase Convertible Business Travel Rucksack with USB Charging Port Large College School Bookbag Computer Laptop Bag,1499,3.9 out of 5 stars,"1,297",B0822H451W,"['* Make sure this fits by entering your model number.', '* 【Convertible Briefcase】This multifunctional convertible laptop briefcase backpack features a top carry handle a side carry handle and two hidden adjustable shoulder straps to offer different use. The shoulder straps can be put into the hidden back pocket you can convert it to backpack or work briefcase without a strap for men and teens. Perfect gift for lovers families friends.', '* 【Daypacks&Well-organised】This college bag backpack for men is excellent with 5 separate zipped compartments and multiple pockets. The capacity that can hold phone charger skype headset files books clothes and A4 magazine.', ""* 【Charging Port Backpack】With external USB port and built-in charging cable this USB convertible laptop briefcase backpack offers you a more convenient way to charge your phone tablet while walking without opening up the bag. Simply charge your phone by connecting with your power bank inside. Please noted that this computer bags for men doesn't power itself USB charging port only offers easy access to charge."", ""* 【Ergonomic Design】Comfortable carry handle backpack with comfortable shoulder straps provide maximum back support help relieve stress on your shoulders and keep your back dry in summer. Providing both ergonomic comfort and travel convenience for short trips. Best business travel laptop backpack Men's backpacks school bag 3 in 1 convertible laptop backpack electronics backpack work bags for men men's convertible bag laptop bag adult bookbag."", '* 【Best Gift Ideas】Practical birthday gifts and functional present for those who go to school traveling and work. For your children mother father best friends her or him. A must for school supplies travel accessories and laptop accessories.']"
https://www.amazon.com/COSMUS-Multipurpose-Backpack-Bag-compartment/dp/B078JVT384/ref=sr_1_104?crid=2M096C61O4MLT&keywords=bags&qid=1675500161&sprefix=ba%2Caps%2C283&sr=8-104,COSMUS Madison waterproof Multipurpose Backpack With laptop compartment  33L,1196,4.2 out of 5 stars,"2,166",B078JVT384,NA
https://www.amazon.com/Wesley-briefcase-professional-Briefcase-messenger/dp/B0BJVDN7VT/ref=sr_1_105?crid=2M096C61O4MLT&keywords=bags&qid=1675500161&sprefix=ba%2Caps%2C283&sr=8-105,Wesley office Laptop Bag briefcase notebook professional business 15.6 Inch Briefcase messenger sling Water resistant Laptop Bag Tablet Business Carrying Handbag for Women and Men (Charcoal Black),471,4.0 out of 5 stars,"1,066",B0BJVDN7VT,NA
https://www.amazon.com/Genie-Clara-Backpack-Women-compartments/dp/B097JJGR1N/ref=sr_1_106?crid=2M096C61O4MLT&keywords=bags&qid=1675500161&sprefix=ba%2Caps%2C283&sr=8-106,Genie Clara Backpack for Women - 3 compartments Laptop Bags for Girls Stylish and Trendy College Backpacks for Girls Water Resistant and Lightweight Bags for Office and Travelling Purpose.,1025,4.2 out of 5 stars,30,B097JJGR1N,NA
https://www.amazon.com/sspa/click?ie=UTF8&spc=MTo3NjQ4ODE3NTg5MDIxMjE0OjE2NzU1MDAxNjE6c3BfbXRmOjIwMTEwMDY3NTc2OTk4OjowOjo&url=%2FRed-Lemon-Titanium-Multifunctional-Waterproof%2Fdp%2FB09ZYQH7C5%2Fref%3Dsr_1_107_sspa%3Fcrid%3D2M096C61O4MLT%26keywords%3Dbags%26qid%3D1675500161%26sprefix%3Dba%252Caps%252C283%26sr%3D8-107-spons%26sp_csd%3Dd2lkZ2V0TmFtZT1zcF9tdGY%26psc%3D1,Red Lemon BANGE Titanium Multifunctional Hard Shell Waterproof Business Travel Laptop Backpack for Men and Women (Black),4599,4.5 out of 5 stars,14,B09ZYQH7C5,"['* Make sure this fits by entering your model number.', '* ➧ PREMIUM MATERIAL: This multifunctional backpack is made of high quality water resistant and scratchproof material. Hard shell geometric design in front. Premium quality durable smooth pullers and sealed zippers.', '* ➧ORGANIZED STORAGE: Well arranged spaced compartment with separate sleeves to carry a Laptop Tablet iPad. Spacious enough to store documents and office accesories Clothings and short business trip necessities mobile passport headphonesetc.', '* ➧ ANTI- THEFT DESIGN & TSA LOCK: A built-in TSA lock gives the backpack an added level of security. The lock can be opened by TSA as needed during the screening process thus helps deter thefts during travel.', '* ➧ COMFORT: Adjustable soft cushioned shoulder straps for better handling. Hidden cards slot on the straps for easy access. Sturdy elegant handle to feel comfortable and carry at ease.', '* ➧ SIZE : Weight of the bag is 1.2 Kg ; Dimensions: 30 cms x 8 cms x 47 cms (LxWxH).']"
https://www.amazon.com/sspa/click?ie=UTF8&spc=MTo3NjQ4ODE3NTg5MDIxMjE0OjE2NzU1MDAxNjE6c3BfbXRmOjIwMTA0MTQwMjYzNjk4OjowOjo&url=%2FUrban-Tribe-Laptop-Backpack-Havana%2Fdp%2FB01LXNNFDF%2Fref%3Dsr_1_108_sspa%3Fcrid%3D2M096C61O4MLT%26keywords%3Dbags%26qid%3D1675500161%26sprefix%3Dba%252Caps%252C283%26sr%3D8-108-spons%26sp_csd%3Dd2lkZ2V0TmFtZT1zcF9tdGY%26psc%3D1,"URBAN TRIBE Havana 15.6"" inch Laptop Backpack for Men and Women | 27L Office/Work/Casual Bag | Water Repellent | Black",1169,3.9 out of 5 stars,684,B01LXNNFDF,"['* Make sure this fits by entering your model number.', '* Laptop Compatibility: Yes Laptop size: 15.6 inches', '* Outer Material: Polyester Color: Black', '* Water Resistance: Water resistant', '* Dimensions: 33 cms x 17.5 cms x 47 cms (LxWxH)', '* type: Manufacturer; against manufacturing defects']"
https://www.amazon.com/Amazon-Brand-Backpack-15-6-inch-Laptops/dp/B076QFBFRG/ref=sr_1_109?crid=2M096C61O4MLT&keywords=bags&qid=1675500161&sprefix=ba%2Caps%2C283&sr=8-109,Amazon Brand - Solimo Laptop Backpack for 15.6-inch Laptops (27 litres Black),449,3.8 out of 5 stars,"1,215",B076QFBFRG,NA
https://www.amazon.com/F-Gear-Blow-Laptop-Backpack/dp/B078J63VRY/ref=sr_1_110?crid=2M096C61O4MLT&keywords=bags&qid=1675500161&sprefix=ba%2Caps%2C283&sr=8-110,F Gear Blow Laptop Backpack With Rain Cover 32 Liters (BlackGrey) Sch Bag,1039,4.3 out of 5 stars,"1,245",B078J63VRY,NA
https://www.amazon.com/BROGBUS-Business-Messenger-Sling-10-05inch/dp/B09QLD9GJY/ref=sr_1_111?crid=2M096C61O4MLT&keywords=bags&qid=1675500161&sprefix=ba%2Caps%2C283&sr=8-111,BROGBUS Leather Men Bag Business Messenger,989,4.1 out of 5 stars,368,B09QLD9GJY,"['* Leather', '* Messenger Cross Body Bag: Handbags are considered as a fashion statement and also is a great utility. Hand bags can be used to carry important personal belongings which are needed on a daily basis. Hand Bags are very important in completing the outfit. They can be used to improve your appearance and you can actually convey the look you want others to perceive simply by adjusting your appearance.', '* Lightweight and Premium Leather: This is high quality classic genuine leather messenger bag from Wild Horn. Featuring an elegant design hand stitched dyed and aged messenger bag is long-lasting light weight and a fine quality genuine leather product.', '* Adjustable Strap : This bag comes with an adjustable strap. They are great if sometimes you would like to wear your bag on your shoulder and other times you want to wear it across the body. You can just change the length to suit the need.', '* Dimensions and Ideal Application: This messenger bag has main interior compartment with flap top closure for added security and a fully lined interior that includes zip pocket and slip pockets for organization. One rear zip pocket. The compartment has dedicated space for I pad tablet phone & other small accessories. (DIMENSION: L- 10.05inch H- 11.5inch W- 3inch)']"
https://www.amazon.com/Safari-Overnighter-Resistant-Travelling-All-Purpose/dp/B097JMR4M6/ref=sr_1_112?crid=2M096C61O4MLT&keywords=bags&qid=1675500161&sprefix=ba%2Caps%2C283&sr=8-112,Safari Seek 32 Ltrs Overnighter Travel Laptop Backpack (Black) Water Resistant Spacious Bag for Travelling and Camping All-Purpose Bag for Business & Leisure,1729,4.1 out of 5 stars,68,B097JMR4M6,NA
https://www.amazon.com/Genie-Spritz-Daypack-Fashion-Backpack/dp/B083ZDT8SD/ref=sr_1_113?crid=2M096C61O4MLT&keywords=bags&qid=1675500161&sprefix=ba%2Caps%2C283&sr=8-113,Genie Spritz Daypack 14 inch Stylish and Trendy College backpacks for girls Water Resistant and Lightweight Mini Bags for Travelling Purpose. Latest Collection of Backpack for women (Rose),349,4.2 out of 5 stars,"2,289",B083ZDT8SD,NA
https://www.amazon.com/House-Quirk-Hanging-Toiletry-Organizer/dp/B072MH8KBB/ref=sr_1_114?crid=2M096C61O4MLT&keywords=bags&qid=1675500161&sprefix=ba%2Caps%2C283&sr=8-114,House of Quirk Hanging Travel Toiletry Bag Waterproof Dopp Kit for Shaving Makeup Accessories Men Cosmetic Organizer with Large Capacity for Gym Camping - Black,399,4.0 out of 5 stars,"1,922",B072MH8KBB,NA
https://www.amazon.com/Gear-Colorado-Orange-Laptop-Backpack/dp/B097K6KD7W/ref=sr_1_115?crid=2M096C61O4MLT&keywords=bags&qid=1675500161&sprefix=ba%2Caps%2C283&sr=8-115,F Gear Colorado Grey Orange 39 Ltrs Laptop Backpack (3814),662,4.4 out of 5 stars,93,B097K6KD7W,NA
https://www.amazon.com/Gear-Classic-Leather-Backpack-LBPCLSLTH0101/dp/B07G4D13LB/ref=sr_1_116?crid=2M096C61O4MLT&keywords=bags&qid=1675500161&sprefix=ba%2Caps%2C283&sr=8-116,Gear Classic 20L Faux Leather Water Resistant Anti Theft Laptop Bag/Backpack for Men/Women-Black,999,4.4 out of 5 stars,"2,528",B07G4D13LB,NA
https://www.amazon.com/sspa/click?ie=UTF8&spc=MTo3NjQ4ODE3NTg5MDIxMjE0OjE2NzU1MDAxNjE6c3BfYnRmOjIwMDc4OTIwNzc5Mzk4OjowOjo&url=%2FScanSmart-Backpack-Designed-blend-function-612014%2Fdp%2FB09V1GJ7D6%2Fref%3Dsr_1_117_sspa%3Fcrid%3D2M096C61O4MLT%26keywords%3Dbags%26qid%3D1675500161%26sprefix%3Dba%252Caps%252C283%26sr%3D8-117-spons%26sp_csd%3Dd2lkZ2V0TmFtZT1zcF9idGY%26psc%3D1,"Wenger 17.5"" ScanSmart Laptop Backpack 30 Litres Black Swiss Designed-blend of style & function 612014",5600,4.0 out of 5 stars,21,B09V1GJ7D6,"['* Make sure this fits by entering your model number.', '* FUNCTIONALITY WITH STYLE: The Wenger 17.5"" ScanSmart Laptop Backpack allows you to breeze through airport security with ease as it offers superior protection for your laptop at airport security controls and a dedicated tablet pocket. Travel with confidence with your valuable items securely stored in your well-built backpack.', '* OPTIMUM COMFORT: Reinforced soft-grip grab handle for easy carrying. The Airflow back padding keeps wearer cool. The Shock-absorbing shoulder straps provides maximum comfort. Plethora of features to make you a distinguished traveler.', '* COMPREHENSIVE FEATURES: An ample main compartment integrates a mesh adapters zip pocket for cords chargers and other tech accessories. While weaving through airport traffic grab a cool drink from its side zip pockets. Featuring a convenient front pocket and an organizer compartment with multiple divider pockets leave your MetroCard smartphone and supplies ready whenever you are.', '* TECHNICAL SPECIFICATIONS: Dimensions: 46 x 24 x 35 cm Weight: 0.9 kg Capacity: 30 L', '* 5 YEAR WENGER WARRANTY: Our products undergo strict quality controls & rigorous testing standards. Nevertheless should you encounter a problem with your product we are offering you a 5-year warranty.']"
https://www.amazon.com/sspa/click?ie=UTF8&spc=MTo3NjQ4ODE3NTg5MDIxMjE0OjE2NzU1MDAxNjE6c3BfYnRmOjIwMDIyMzA1MzQ2MzA2OjowOjo&url=%2FCOSMUS-Polyester-Multi-functional-Convertible-15-6-Inch%2Fdp%2FB07D1R1K84%2Fref%3Dsr_1_118_sspa%3Fcrid%3D2M096C61O4MLT%26keywords%3Dbags%26qid%3D1675500161%26sprefix%3Dba%252Caps%252C283%26sr%3D8-118-spons%26sp_csd%3Dd2lkZ2V0TmFtZT1zcF9idGY%26psc%3D1,COSMUS Agility Convertible Backpack Messenger Bag Shoulder bag Laptop Case Handbag Business Briefcase Multi-functional Travel Bag Fits 15.6 Inch Laptop,1862,4.2 out of 5 stars,890,B07D1R1K84,NA
https://www.amazon.com/Lunars-Router-Resistant-Raincover-Organiser/dp/B08YR63B9M/ref=sr_1_225?crid=2M096C61O4MLT&keywords=bags&qid=1675500252&sprefix=ba%2Caps%2C283&sr=8-225,Lunar's 35 L Laptop Office/School/Travel/Business Backpack Water Proof - Fits Up to 15.6 Inch Laptop Notebook With Raincover Inside Organiser and 1 Year Warranty (All),849,3.8 out of 5 stars,"1,033",B08YR63B9M,NA
https://www.amazon.com/Isle-Locada-Hidesign-Womens-Sling/dp/B07SYJL1P7/ref=sr_1_226?crid=2M096C61O4MLT&keywords=bags&qid=1675500252&sprefix=ba%2Caps%2C283&sr=8-226,Hidesign Women Sling Bag (Blue),1999,4.4 out of 5 stars,103,B07SYJL1P7,NA
https://www.amazon.com/Nivia-5227-Junior-Others-Orange/dp/B08D7QKCX5/ref=sr_1_227?crid=2M096C61O4MLT&keywords=bags&qid=1675500252&sprefix=ba%2Caps%2C283&sr=8-227,Nivia 5227 Pulse Junior Bag Others (Orange) (ORNAGE),294,3.7 out of 5 stars,139,B08D7QKCX5,NA
https://www.amazon.com/Lunars-Bingo-Laptop-Resistant-48L/dp/B08YZ5XY31/ref=sr_1_228?crid=2M096C61O4MLT&keywords=bags&qid=1675500252&sprefix=ba%2Caps%2C283&sr=8-228,Lunar's Bingo - 48 L Laptop Office/School/Travel/Business Backpack Water Resistant - Fits Up to 15.6 Inch Laptop Notebook with 1 Year Warranty,899,3.9 out of 5 stars,"8,764",B08YZ5XY31,NA
https://www.amazon.com/Gear-Black-Casual-Backpack-BKPCMPUS10110/dp/B00Z9427SK/ref=sr_1_229?crid=2M096C61O4MLT&keywords=bags&qid=1675500252&sprefix=ba%2Caps%2C283&sr=8-229,Gear Campus1 22L Water Resistant School Bag/ College Bag/ Backpack For Men/Women-Black Royalblue,649,4.3 out of 5 stars,"3,832",B00Z9427SK,NA
https://www.amazon.com/Backpack-Merchendise-Charging-Combination-Students/dp/B09XMG4ZDW/ref=sr_1_230?crid=2M096C61O4MLT&keywords=bags&qid=1675500252&sprefix=ba%2Caps%2C283&sr=8-230,PALAY® BTS Bags for Boys School Backpack Print Design Laptop Backpack Merchendise Travel Bag with USB Charging and Combination Lock Students Backpack for Girls Boys,1481,4.2 out of 5 stars,25,B09XMG4ZDW,NA
https://www.amazon.com/Nivia-5177RD-Polyester-String-Bag/dp/B07NNJKQQY/ref=sr_1_231?crid=2M096C61O4MLT&keywords=bags&qid=1675500252&sprefix=ba%2Caps%2C283&sr=8-231,Nivia 5177RD Polyester String Bag (Red),193,4.0 out of 5 stars,250,B07NNJKQQY,NA
https://www.amazon.com/Amazon-Basics-Stylish-Backpack-Laptop/dp/B09W4WRV5Q/ref=sr_1_232?crid=2M096C61O4MLT&keywords=bags&qid=1675500252&sprefix=ba%2Caps%2C283&sr=8-232,Amazon Basics - Laptop Backpack/Travel Backpack/College Bag for 15.6-inch Laptop Water-Resistant Stylish Design,1859,1.0 out of 5 stars,1,B09W4WRV5Q,NA
https://www.amazon.com/Rabbit-Caramello-Backpack-Multi-Function-Waterproof/dp/B07FHXNPCH/ref=sr_1_233?crid=2M096C61O4MLT&keywords=bags&qid=1675500252&sprefix=ba%2Caps%2C283&sr=8-233,R for Rabbit Caramello Delight Diaper Bag Backpack -Multi-Function Waterproof Mother Bag for Travel with Baby - Large Capacity Durable and Stylish.(Grey Black),1999,4.4 out of 5 stars,790,B07FHXNPCH,NA
https://www.amazon.com/Isle-Locada-Hidesign-Womens-Shoulder/dp/B07Z5BYH24/ref=sr_1_234?crid=2M096C61O4MLT&keywords=bags&qid=1675500252&sprefix=ba%2Caps%2C283&sr=8-234,Isle Locada by Hidesign Women's SLING BAG(BORDEX/MARSALA),2999,4.1 out of 5 stars,142,B07Z5BYH24,NA
https://www.amazon.com/Womens-Lattice-Office-leather-adjustable/dp/B07VNMWWRX/ref=sr_1_235?crid=2M096C61O4MLT&keywords=bags&qid=1675500252&sprefix=ba%2Caps%2C283&sr=8-235,ZOUK Black Printed Handmade Vegan Leather Women's Office Bag for 15.6 inch Laptop with Double Handles - Lattice Lace,1699,4.4 out of 5 stars,"1,694",B07VNMWWRX,NA
https://www.amazon.com/SACCI-MUCCI-Allamanda-Lightweight-SM1-10_magnolia/dp/B09TDNZ88Z/ref=sr_1_236?crid=2M096C61O4MLT&keywords=bags&qid=1675500252&sprefix=ba%2Caps%2C283&sr=8-236,SACCI MUCCI Women's Rainbow Sling Bag Handmade Bags for Females - 100% Vegan Leather and Coated Duck canvas Fabric Lightweight and Durable,449,4.3 out of 5 stars,559,B09TDNZ88Z,NA
https://www.amazon.com/TASLAR-Luminous-Backpack-Notebook-Anti-Theft/dp/B09ZPHKGNY/ref=sr_1_237?crid=2M096C61O4MLT&keywords=bags&qid=1675500252&sprefix=ba%2Caps%2C283&sr=8-237,TASLAR Unisex Anime Luminous Backpack Fashion Notebook Laptop School College Bags Travel Daypack with USB Charging Port Anti-Theft Lock & Pencil Pen Case Handbag,1299,3.4 out of 5 stars,40,B09ZPHKGNY,NA
https://www.amazon.com/Leatherette-Executive-messenger-multiple-compartments/dp/B099NM8621/ref=sr_1_238?crid=2M096C61O4MLT&keywords=bags&qid=1675500252&sprefix=ba%2Caps%2C283&sr=8-238,"Zipline Synthetic Leather Executive SMALL messenger bag Briefcase for upto 13"" Laptop/Tablet for men women with multiple compartments (1-Tan Bag)",938,3.9 out of 5 stars,337,B099NM8621,NA
https://www.amazon.com/Step-Backpack-Small-Water-Repellant/dp/B088X9M73T/ref=sr_1_239?crid=2M096C61O4MLT&keywords=bags&qid=1675500252&sprefix=ba%2Caps%2C283&sr=8-239,Mi Step Out 12 L Mini Backpack (Small Size Sky Blue Water Repellant),299,4.1 out of 5 stars,"7,634",B088X9M73T,NA
https://www.amazon.com/Lenovo-Professional-Backpack-Water-resistant-Uncompromised/dp/B08R7S55H4/ref=sr_1_240?crid=2M096C61O4MLT&keywords=bags&qid=1675500252&sprefix=ba%2Caps%2C283&sr=8-240,"Lenovo 15.6"" Professional Backpack Made in India Water-resistantUncompromised storage Travel friendly:Fleece-lined PC compartmentVentedPadded BackPanel & Adjustable shoulder strapsLuggage strap",1337,4.2 out of 5 stars,696,B08R7S55H4,NA
https://www.amazon.com/Skybags-Unisex-Black-Jacqard-Laptop/dp/B09ZV81F6M/ref=sr_1_257?crid=2M096C61O4MLT&keywords=bags&qid=1675500278&sprefix=ba%2Caps%2C283&sr=8-257,Skybags Unisex Black Jacqard 34L Laptop Bags,1276,4.0 out of 5 stars,29,B09ZV81F6M,NA
https://www.amazon.com/Artistix-Alpine-Laptop-Backpack-Business/dp/B08SVV5HZY/ref=sr_1_258?crid=2M096C61O4MLT&keywords=bags&qid=1675500278&sprefix=ba%2Caps%2C283&sr=8-258,Artistix Alpine Business Class Series | Anti Theft Laptop Backpack (32 Litre 15.6 inch) (Black),1783,4.5 out of 5 stars,908,B08SVV5HZY,NA
https://www.amazon.com/HEROZ-Backpack-Resistant-Computer-17-3-inch/dp/B083N53TWB/ref=sr_1_259?crid=2M096C61O4MLT&keywords=bags&qid=1675500278&sprefix=ba%2Caps%2C283&sr=8-259,HEROZ Hacker 50 litres Nylon Travel Laptop Backpack Water Resistant Slim Durable Computer Book Bag Tracking Fits Up to 17.3-inch Laptop (058- All) (Grey & Red),1519,4.1 out of 5 stars,"3,683",B083N53TWB,NA
https://www.amazon.com/uppercase-Backpack-1600EBP1-resistant-sustainable/dp/B0B68ZS5G1/ref=sr_1_260?crid=2M096C61O4MLT&keywords=bags&qid=1675500278&sprefix=ba%2Caps%2C283&sr=8-260,uppercase Laptop Backpack 1600EBP Compact 3x more water repellent sustainable bags with rain proof zippers for Men Women Boys and Girls  750 Days warranty,950,4.2 out of 5 stars,154,B0B68ZS5G1,NA
https://www.amazon.com/Resistance-Backpack-Students-Compartment-50x37x26Cm/dp/B09X5Y2CB2/ref=sr_1_261?crid=2M096C61O4MLT&keywords=bags&qid=1675500278&sprefix=ba%2Caps%2C283&sr=8-261,wooum 48 L Casual Water Resistance Laptop Bag / Backpack for Men Women Boys Girls / Office School College Teens & Students with 15.6 Inch Laptop Compartment 50x37x26Cm,569,3.7 out of 5 stars,48,B09X5Y2CB2,NA
https://www.amazon.com/Double-Waterproof-Grocery-Shopping-Vegetable/dp/B09XF7VXRT/ref=sr_1_262?crid=2M096C61O4MLT&keywords=bags&qid=1675500278&sprefix=ba%2Caps%2C283&sr=8-262,Double R Bags Big Heavy Duty Large Eco Waterproof Cotton Canvas Cloth Grocery Shopping Bag for Men Ladies Vegetable Milk Fruits with Hand Carry Handle Lunch Box Jhola Tote Bags (Cat) (1),299,4.3 out of 5 stars,196,B09XF7VXRT,NA
https://www.amazon.com/Heart-choice-bag-compartment-Waterproof/dp/B0BS99XDQC/ref=sr_1_263?crid=2M096C61O4MLT&keywords=bags&qid=1675500278&sprefix=ba%2Caps%2C283&sr=8-263,Heart choice stylish college school travel office bag Casual laptop compartment Casual Backpack for Men Women Boys Girls Waterproof ( Bro khadi Blue ),499,NA,NA,B0BS99XDQC,NA
https://www.amazon.com/DZert-Polyester-Black-White-Laptop/dp/B07H193V57/ref=sr_1_264?crid=2M096C61O4MLT&keywords=bags&qid=1675500278&sprefix=ba%2Caps%2C283&sr=8-264,DZert Clasy Laptop Bag College Bag for Boys Girls 21 L Black,299,3.8 out of 5 stars,"2,236",B07H193V57,NA
https://www.amazon.com/Business-Shoulder-Leather-Material-Resistant/dp/B07MH9SV9L/ref=sr_1_265?crid=2M096C61O4MLT&keywords=bags&qid=1675500278&sprefix=ba%2Caps%2C283&sr=8-265,ZOUK Orange Wave Printed Handmade Vegan Leather Women's Office Bag for 15.6 inch Laptop with Double Handles - Tidalwave,1699,4.4 out of 5 stars,"1,694",B07MH9SV9L,"['* Make sure this fits by entering your model number.', '* COMPATIBILITY: Our Office Bag is an ideal laptop bag handbag or a Professional Bag for Women. It can fit a laptop of upto 15.6 inches and is perfect for Macbook Chromebook iPad Tablet Hp Lenovo Dell etc. Dimensions: 18 x 13 x 4 inch.', '* COMPONENTS: On the Inside there is a padded Laptop Sleeve with Velcro a larger compartment for books tiffin chargers. Also there are 2 small pockets for a Wallet Pen and Keys. The Bag has a Zip Closure and Double Straps for carrying comfortably.', '* MATERIAL: Made of Fine Indian Print Fabric. The Leather used is 100% PeTA approved Vegan Leather making it a cruelty-free and a responsible product. All products are handmade with a running fabric and hence the exact print on the product might slightly differ from the photos.', '* DISCLAIMER: It is recommended that you regularly clean your bag with a wet cloth. Do note that the colour of the materials might slightly vary due to photographic lighting sources or your display settings.', '* ABOUT US: Zouk is a Proudly Indian and 100% PeTA approved Vegan brand. Our Laptop Bag stands for Style and Function with an Essence of India. Couple of our bags were featured in the popular Netflix series Little Things 3. All our bags are handcrafted by expert artisans in our own manufacturing facility.']"
https://www.amazon.com/Half-Moon-Resistant-Laptop-Backpack/dp/B09842K4RQ/ref=sr_1_266?crid=2M096C61O4MLT&keywords=bags&qid=1675500278&sprefix=ba%2Caps%2C283&sr=8-266,Half Moon 35 L Casual Water Resistant 15.6 inch Laptop Bag/Backpack for Men Women Boys Girls/Office School with Rain Cover (Black),699,3.9 out of 5 stars,284,B09842K4RQ,"['* Make sure this fits by entering your model number.', '* SPACIOUS AND LIGHTWEIGHT: Light weight and spacious laptop backpack with 3 compartments. One compartment is for carrying laptop inside with padding for safety and space for laptop accessories like charger etc. Second large compartment for books files and all your day to day essentials. And third compartment is for your extra stuff. It has provision for holding bottles on both sides and padded shoulder straps for your comfort.', '* COMFORT WITH QUALITY: This casual bag has Wide Padded and Adjustable shoulder straps and Padded Back for comfort in carrying heavy items. Stitched properly and Bartacks on every pressure point for extra durability. Made with strong yet light weight polyester fabric with heavy zippers. Serves the need of a professional office laptop bag college bag student backpack school bag and is suitable for all i.e. boys girls men and women', '* PREMIUM FABRIC : Premium Polyester Stylish and durable backpack for school /college and travel. Easily accommodate a laptop. Size: 45 cm X 31 cm X 22 cm.', ""* PROUDLY MADE IN INDIA: Half Moon is proud to be an Indian Brand. We understand the importance of Indian manufacturing and.It is the time when we revive local industries that's why this bag is Made in India by Indians using Indian materials."", '* OTHER FEATURES: Rain Cover  Adjustable Shoulder Handles (Straps)  2 Bottle/Umbrella holders  Padded Handle  Padded Laptop Compartment  Strong and Durable Zippers Reflector Logo']"
https://www.amazon.com/Cosmus-Casual-Backpack-Charger-College/dp/B08D7D21FV/ref=sr_1_267?crid=2M096C61O4MLT&keywords=bags&qid=1675500278&sprefix=ba%2Caps%2C283&sr=8-267,Cosmus Vogue Casual Laptop Backpack with USB Charger Port 44cm 26 Litre Grey College Bag,1181,4.2 out of 5 stars,"1,348",B08D7D21FV,NA
https://www.amazon.com/Backpack-Merchendise-Charging-Combination-Students/dp/B09XMG4ZDW/ref=sr_1_268?crid=2M096C61O4MLT&keywords=bags&qid=1675500278&sprefix=ba%2Caps%2C283&sr=8-268,PALAY® BTS Bags for Boys School Backpack Print Design Laptop Backpack Merchendise Travel Bag with USB Charging and Combination Lock Students Backpack for Girls Boys,1481,4.2 out of 5 stars,25,B09XMG4ZDW,NA
https://www.amazon.com/Aristocrat-Zeal-Unisex-Grey-Laptop/dp/B0B5YHC1W5/ref=sr_1_269?crid=2M096C61O4MLT&keywords=bags&qid=1675500278&sprefix=ba%2Caps%2C283&sr=8-269,Aristocrat Zeal 15L Unisex Grey Laptop Bags,749,4.5 out of 5 stars,17,B0B5YHC1W5,NA
https://www.amazon.com/Baggit-Womens-Laptop-Bag-Large/dp/B0BNTL7Z7J/ref=sr_1_270?crid=2M096C61O4MLT&keywords=bags&qid=1675500278&sprefix=ba%2Caps%2C283&sr=8-270,Baggit Women's Laptop Bag - Large (Blue),899,5.0 out of 5 stars,1,B0BNTL7Z7J,NA
https://www.amazon.com/Gear-Executive-Anti-Theft-Backpack-BKPPKREXE0101/dp/B097KCMQKG/ref=sr_1_271?crid=2M096C61O4MLT&keywords=bags&qid=1675500278&sprefix=ba%2Caps%2C283&sr=8-271,Gear Parker 23L Water Resistant Anti Theft Laptop Bag/Backpack for Men/Women - Black,649,4.3 out of 5 stars,302,B097KCMQKG,NA
https://www.amazon.com/LL-LEATHER-LAND-DESIGNER-BAGS/dp/B0BD4TTDHD/ref=sr_1_272?crid=2M096C61O4MLT&keywords=bags&qid=1675500278&sprefix=ba%2Caps%2C283&sr=8-272,LL LEATHER LAND DESIGNER BAGS Sling Bag_SLG_90,299,4.0 out of 5 stars,"1,548",B0BD4TTDHD,"['* Lethereette SLing bag', '* Stylish Sling in 9 inches height10 inches length and 4 inches width', '* Water Proof', '* Adjustable strap']"
